persona,etiqueta,f0,f1,f2,f3,f4,f5,f6,f7,f8,f9,f10,f11,f12,f13,f14,f15,f16,f17,f18,f19,f20,f21,f22,f23,f24,f25,f26,f27,f28,f29,f30,f31,f32,f33,f34,f35,f36,f37,f38,f39,f40,f41,f42,f43,f44,f45,f46,f47,f48,f49,f50,f51,f52,f53,f54,f55,f56,f57,f58,f59,f60,f61,f62
paul,L,0.00000,0.00000,0.00000,0.42029,-0.05835,-0.24501,0.82599,-0.25274,-0.37451,1.18465,-0.31527,-0.49673,1.44147,-0.22584,-0.62249,0.56398,-0.92464,-0.21555,0.65686,-1.41027,-0.39780,0.67595,-1.73324,-0.51245,0.68292,-1.99373,-0.59407,0.27867,-0.93842,-0.20422,0.21448,-1.21519,-0.54034,0.18298,-0.85393,-0.62901,0.19831,-0.56126,-0.60137,0.01355,-0.88052,-0.21883,-0.06227,-1.00965,-0.53739,-0.02233,-0.65573,-0.51771,0.03824,-0.43554,-0.40869,-0.22598,-0.78992,-0.25413,-0.27660,-0.90912,-0.46168,-0.21160,-0.64525,-0.42855,-0.12757,-0.48123,-0.34388
paul,L,0.00000,0.00000,0.00000,0.41432,-0.06217,-0.24477,0.81613,-0.25848,-0.37275,1.16988,-0.32146,-0.49234,1.42316,-0.23243,-0.61544,0.56386,-0.92842,-0.21664,0.65620,-1.40866,-0.39657,0.67754,-1.73042,-0.50733,0.68562,-1.98743,-0.58578,0.27683,-0.93853,-0.20623,0.21171,-1.22065,-0.54056,0.17788,-0.85449,-0.62525,0.19402,-0.55539,-0.59390,0.01093,-0.87684,-0.22211,-0.06235,-1.00816,-0.54221,-0.02614,-0.65271,-0.52152,0.03399,-0.43193,-0.41009,-0.22774,-0.78171,-0.25820,-0.27581,-0.91282,-0.46636,-0.21074,-0.65148,-0.43212,-0.12652,-0.48823,-0.34624
paul,L,0.00000,0.00000,0.00000,0.41647,-0.06338,-0.24362,0.82052,-0.25975,-0.37100,1.17766,-0.32193,-0.49078,1.43425,-0.23489,-0.61361,0.56321,-0.93037,-0.21630,0.65500,-1.41454,-0.39535,0.67781,-1.74163,-0.50418,0.68786,-1.99968,-0.57963,0.26962,-0.94097,-0.20467,0.20227,-1.22062,-0.54050,0.16832,-0.85935,-0.62447,0.18321,-0.55488,-0.59062,0.00122,-0.88091,-0.21907,-0.06553,-1.00068,-0.53490,-0.02960,-0.65444,-0.51438,0.02502,-0.43312,-0.40243,-0.23794,-0.78929,-0.25396,-0.27486,-0.91183,-0.45284,-0.21247,-0.65752,-0.41599,-0.13468,-0.49569,-0.32845
paul,L,0.00000,0.00000,0.00000,0.42121,-0.05474,-0.24986,0.82921,-0.26392,-0.38674,1.19279,-0.33383,-0.51540,1.44511,-0.24095,-0.64863,0.56708,-0.92471,-0.23946,0.65395,-1.42178,-0.43162,0.67128,-1.76023,-0.55001,0.67402,-2.02821,-0.63268,0.27094,-0.93484,-0.22950,0.19851,-1.22578,-0.58184,0.16109,-0.84863,-0.66920,0.17427,-0.53315,-0.63554,-0.00212,-0.87468,-0.24472,-0.07038,-1.00788,-0.57186,-0.03507,-0.65153,-0.54463,0.01945,-0.41901,-0.42664,-0.24833,-0.78244,-0.28106,-0.28486,-0.90804,-0.48587,-0.22328,-0.64529,-0.44333,-0.14500,-0.47537,-0.35093
paul,L,0.00000,0.00000,0.00000,0.42621,-0.05386,-0.24081,0.83623,-0.25222,-0.37259,1.19411,-0.31394,-0.49808,1.44069,-0.22511,-0.62848,0.58009,-0.93171,-0.22423,0.66681,-1.42200,-0.40765,0.68448,-1.75099,-0.52290,0.68448,-2.01416,-0.60550,0.28475,-0.93413,-0.21523,0.21129,-1.19395,-0.55243,0.18411,-0.82418,-0.63966,0.19918,-0.53255,-0.61423,0.00894,-0.86696,-0.23090,-0.06116,-1.00044,-0.55033,-0.01080,-0.64364,-0.52576,0.05186,-0.42316,-0.41634,-0.24142,-0.76756,-0.26661,-0.28000,-0.89129,-0.47390,-0.20167,-0.62601,-0.43634,-0.11197,-0.45985,-0.35031
paul,L,0.00000,0.00000,0.00000,0.42225,-0.04674,-0.25156,0.83557,-0.24133,-0.38600,1.19362,-0.29916,-0.51011,1.44325,-0.21155,-0.63677,0.58430,-0.91886,-0.23829,0.67616,-1.41217,-0.42609,0.70241,-1.74065,-0.54110,0.71135,-2.00456,-0.62324,0.29406,-0.92942,-0.22294,0.23025,-1.18680,-0.56431,0.19378,-0.81016,-0.64762,0.20696,-0.52151,-0.61804,0.02053,-0.87032,-0.23360,-0.04785,-0.99110,-0.55652,-0.00542,-0.63337,-0.53001,0.06043,-0.42267,-0.41866,-0.22759,-0.78098,-0.26509,-0.26870,-0.89017,-0.47562,-0.19593,-0.62422,-0.44061,-0.10422,-0.46786,-0.35610
paul,L,0.00000,0.00000,0.00000,0.41511,-0.04067,-0.24953,0.82464,-0.23718,-0.38247,1.18660,-0.29482,-0.50470,1.44109,-0.20257,-0.62940,0.58130,-0.91517,-0.23702,0.66958,-1.40559,-0.42140,0.69710,-1.72679,-0.53228,0.70741,-1.98356,-0.61117,0.29011,-0.93080,-0.22236,0.22789,-1.17866,-0.56491,0.18940,-0.79449,-0.64667,0.19741,-0.50263,-0.61395,0.01603,-0.87757,-0.23342,-0.05657,-0.98074,-0.55968,-0.02066,-0.61777,-0.53460,0.03871,-0.40814,-0.42089,-0.23295,-0.79471,-0.26454,-0.27706,-0.90135,-0.47585,-0.21197,-0.63081,-0.43982,-0.12782,-0.47575,-0.35265
paul,L,0.00000,0.00000,0.00000,0.41883,-0.05099,-0.24920,0.83401,-0.25230,-0.37900,1.19707,-0.31793,-0.49893,1.45205,-0.23343,-0.62162,0.57874,-0.91692,-0.23538,0.66992,-1.42139,-0.41744,0.70026,-1.75177,-0.52687,0.71383,-2.01405,-0.60388,0.28577,-0.93256,-0.22063,0.22109,-1.19059,-0.56298,0.18124,-0.81730,-0.64504,0.18796,-0.51979,-0.61099,0.01399,-0.88154,-0.23146,-0.05513,-0.98855,-0.55206,-0.02263,-0.63612,-0.52708,0.03155,-0.42039,-0.41340,-0.23109,-0.80195,-0.26314,-0.26816,-0.91082,-0.46763,-0.20740,-0.64748,-0.43019,-0.12890,-0.48770,-0.34193
paul,L,0.00000,0.00000,0.00000,0.41612,-0.04538,-0.24875,0.82856,-0.25142,-0.38083,1.18864,-0.31540,-0.50273,1.44282,-0.22333,-0.62775,0.57552,-0.91886,-0.24004,0.65784,-1.41869,-0.42323,0.68206,-1.74527,-0.53335,0.68976,-2.00434,-0.61120,0.28086,-0.93291,-0.22538,0.21060,-1.17206,-0.56959,0.17197,-0.79527,-0.65116,0.18043,-0.50214,-0.61737,0.00812,-0.88110,-0.23604,-0.06430,-0.97474,-0.55665,-0.02910,-0.62232,-0.52999,0.02792,-0.41160,-0.41629,-0.23644,-0.80085,-0.26750,-0.28021,-0.89802,-0.47069,-0.21932,-0.63231,-0.43184,-0.13779,-0.47637,-0.34315
paul,L,0.00000,0.00000,0.00000,0.41418,-0.05142,-0.24516,0.82394,-0.25539,-0.37515,1.18148,-0.31633,-0.49607,1.43519,-0.22918,-0.62065,0.57141,-0.92495,-0.23298,0.65416,-1.41958,-0.41605,0.67802,-1.74475,-0.52755,0.68470,-2.00309,-0.60634,0.27679,-0.93540,-0.22005,0.20331,-1.17754,-0.56308,0.16574,-0.80173,-0.64643,0.17424,-0.50870,-0.61420,0.00290,-0.87886,-0.23237,-0.07212,-0.98120,-0.55447,-0.03354,-0.62629,-0.52935,0.02465,-0.41213,-0.41625,-0.24325,-0.79313,-0.26492,-0.28626,-0.89894,-0.47269,-0.22137,-0.63220,-0.43576,-0.13860,-0.47245,-0.34763
paul,L,0.00000,0.00000,0.00000,0.41362,-0.05297,-0.24788,0.82103,-0.25944,-0.37756,1.18283,-0.32224,-0.49719,1.43940,-0.23346,-0.62040,0.56941,-0.92190,-0.23580,0.65265,-1.41300,-0.41693,0.67573,-1.74029,-0.52680,0.68122,-2.00172,-0.60557,0.27607,-0.93530,-0.22134,0.19892,-1.18075,-0.56280,0.16736,-0.80501,-0.64492,0.18044,-0.50976,-0.61229,0.00383,-0.88095,-0.23231,-0.07349,-0.98171,-0.55153,-0.03120,-0.62977,-0.52723,0.02768,-0.41674,-0.41562,-0.24007,-0.79647,-0.26397,-0.28492,-0.89937,-0.46996,-0.21877,-0.63470,-0.43522,-0.13547,-0.47725,-0.34952
paul,L,0.00000,0.00000,0.00000,0.41709,-0.04582,-0.25060,0.83536,-0.25336,-0.38382,1.19934,-0.31532,-0.50679,1.45233,-0.23183,-0.63270,0.58356,-0.91925,-0.24278,0.66295,-1.41878,-0.42939,0.68472,-1.74244,-0.54081,0.69390,-1.99693,-0.61766,0.28326,-0.93140,-0.22861,0.24295,-1.17095,-0.57720,0.20314,-0.78782,-0.66033,0.20235,-0.48850,-0.62574,0.00444,-0.87682,-0.23997,-0.04134,-0.96940,-0.56994,-0.00938,-0.60546,-0.54496,0.03532,-0.38403,-0.42846,-0.25003,-0.79545,-0.27128,-0.26802,-0.89577,-0.48269,-0.20744,-0.62315,-0.44388,-0.13812,-0.46117,-0.35258
paul,L,0.00000,0.00000,0.00000,0.37870,-0.02996,-0.19270,0.78127,-0.23652,-0.31453,1.10794,-0.32026,-0.43469,1.35126,-0.23942,-0.55508,0.60309,-0.86749,-0.25249,0.69237,-1.33729,-0.44022,0.71532,-1.63370,-0.54254,0.72628,-1.87561,-0.61186,0.31314,-0.91258,-0.26295,0.42855,-1.03422,-0.59150,0.39035,-0.65568,-0.64716,0.34677,-0.39414,-0.60481,0.03253,-0.88506,-0.29148,0.13393,-0.84713,-0.57788,0.13552,-0.50868,-0.52022,0.11768,-0.31516,-0.40134,-0.24170,-0.82152,-0.33905,-0.13582,-0.77385,-0.50153,-0.08335,-0.52683,-0.44687,-0.06244,-0.40029,-0.35849
paul,L,0.00000,0.00000,0.00000,0.32657,-0.03923,-0.14836,0.66386,-0.22054,-0.26431,0.91383,-0.32801,-0.38472,1.12338,-0.30241,-0.50282,0.53871,-0.84319,-0.21976,0.64990,-1.23302,-0.40467,0.69722,-1.50497,-0.50159,0.73164,-1.73499,-0.56429,0.30462,-0.91919,-0.24960,0.54303,-0.88802,-0.54773,0.47656,-0.54113,-0.58817,0.37519,-0.33801,-0.54289,0.06942,-0.89687,-0.29470,0.30530,-0.70846,-0.56177,0.23320,-0.40901,-0.50553,0.14685,-0.28546,-0.39561,-0.16376,-0.82516,-0.35546,0.03309,-0.66221,-0.50126,0.02184,-0.43660,-0.44834,-0.01887,-0.35515,-0.36665
paul,L,0.00000,0.00000,0.00000,0.30741,-0.05994,-0.12718,0.60712,-0.23172,-0.25222,0.83229,-0.33980,-0.38945,1.04816,-0.35762,-0.52439,0.50524,-0.86296,-0.19420,0.63161,-1.25187,-0.39197,0.69687,-1.52391,-0.50082,0.73979,-1.75970,-0.56998,0.28599,-0.92806,-0.23855,0.61351,-0.89647,-0.53495,0.55312,-0.54504,-0.57890,0.42670,-0.37128,-0.53853,0.07680,-0.89874,-0.29844,0.40078,-0.72575,-0.57190,0.31434,-0.41998,-0.51258,0.19483,-0.31456,-0.40072,-0.12843,-0.81471,-0.37120,0.13857,-0.66889,-0.52704,0.11065,-0.43886,-0.46828,0.02933,-0.36321,-0.38087
paul,L,0.00000,0.00000,0.00000,0.31533,-0.06605,-0.09784,0.59806,-0.24493,-0.21130,0.80306,-0.34659,-0.34273,0.99254,-0.36289,-0.47369,0.46923,-0.88685,-0.16850,0.58299,-1.26480,-0.34910,0.63905,-1.52677,-0.45335,0.66767,-1.76214,-0.52387,0.25562,-0.94022,-0.22505,0.61188,-0.90120,-0.49904,0.57448,-0.55720,-0.54670,0.44427,-0.39561,-0.51785,0.06206,-0.89823,-0.29329,0.41487,-0.72409,-0.54806,0.34863,-0.41826,-0.49366,0.22351,-0.31367,-0.39206,-0.12019,-0.80070,-0.37161,0.17120,-0.67581,-0.51654,0.15527,-0.44991,-0.45650,0.06525,-0.37009,-0.37259
paul,L,0.00000,0.00000,0.00000,0.31834,-0.07145,-0.08811,0.58255,-0.24651,-0.19942,0.76896,-0.34419,-0.33065,0.94787,-0.35666,-0.46124,0.44641,-0.89187,-0.16336,0.54992,-1.27149,-0.33869,0.60175,-1.53282,-0.43926,0.62325,-1.76922,-0.50884,0.24011,-0.94439,-0.22465,0.61533,-0.90096,-0.49461,0.57598,-0.55117,-0.54143,0.43329,-0.39329,-0.51340,0.05750,-0.90160,-0.29611,0.42244,-0.72712,-0.54741,0.35668,-0.42312,-0.49618,0.22557,-0.32690,-0.39892,-0.11243,-0.80343,-0.37637,0.17677,-0.67581,-0.51755,0.16293,-0.45020,-0.45832,0.07366,-0.37235,-0.37709
paul,L,0.00000,0.00000,0.00000,0.31385,-0.06832,-0.09353,0.56634,-0.23724,-0.20756,0.73530,-0.34296,-0.34052,0.90754,-0.36933,-0.47034,0.44484,-0.89348,-0.16333,0.54422,-1.26653,-0.33993,0.58671,-1.52638,-0.44347,0.60480,-1.76280,-0.51640,0.24273,-0.94442,-0.22172,0.62100,-0.90449,-0.49251,0.58831,-0.56733,-0.54393,0.45394,-0.40385,-0.51998,0.06524,-0.90080,-0.29088,0.43278,-0.73674,-0.53720,0.37251,-0.43427,-0.48523,0.25029,-0.32787,-0.38896,-0.09528,-0.79845,-0.37020,0.19869,-0.66817,-0.50761,0.17747,-0.44994,-0.45126,0.08467,-0.37576,-0.37324
paul,L,0.00000,0.00000,0.00000,0.31477,-0.06632,-0.09104,0.57276,-0.23929,-0.20255,0.74772,-0.34764,-0.33342,0.91868,-0.37645,-0.46213,0.45113,-0.89475,-0.15781,0.55154,-1.26998,-0.33310,0.59398,-1.53149,-0.43590,0.61267,-1.76847,-0.50823,0.24966,-0.94374,-0.21684,0.62121,-0.91273,-0.48702,0.59194,-0.56884,-0.53619,0.46351,-0.40141,-0.51035,0.06972,-0.90255,-0.28692,0.43582,-0.75322,-0.53596,0.37824,-0.44451,-0.48188,0.25684,-0.33145,-0.38319,-0.09592,-0.80474,-0.36658,0.19915,-0.68456,-0.50807,0.18514,-0.45948,-0.45052,0.09725,-0.37669,-0.37062
paul,L,0.00000,0.00000,0.00000,0.32243,-0.06536,-0.11046,0.60425,-0.24096,-0.23048,0.81087,-0.34478,-0.36769,0.99637,-0.33225,-0.50526,0.46631,-0.89270,-0.16676,0.56523,-1.26956,-0.34394,0.60841,-1.53351,-0.44725,0.62708,-1.76768,-0.51880,0.25449,-0.94207,-0.21850,0.59524,-0.93233,-0.49462,0.56415,-0.57882,-0.54414,0.44236,-0.40465,-0.51375,0.05697,-0.90511,-0.28292,0.38342,-0.77537,-0.54230,0.33035,-0.45507,-0.48840,0.21736,-0.32761,-0.38275,-0.13329,-0.81924,-0.35814,0.12991,-0.72241,-0.50613,0.13680,-0.49104,-0.44689,0.07184,-0.39425,-0.36118
paul,L,0.00000,0.00000,0.00000,0.35101,-0.04754,-0.14580,0.69853,-0.23869,-0.24601,0.96934,-0.33753,-0.34947,1.18418,-0.28530,-0.45139,0.53276,-0.87904,-0.19125,0.61496,-1.28842,-0.35527,0.63806,-1.56394,-0.44241,0.65184,-1.79822,-0.50182,0.29838,-0.93019,-0.21381,0.51302,-1.00352,-0.49363,0.47808,-0.66477,-0.53271,0.40292,-0.43601,-0.48893,0.06163,-0.90920,-0.25212,0.27930,-0.83216,-0.51149,0.24211,-0.51329,-0.45723,0.17598,-0.34570,-0.34675,-0.17818,-0.85011,-0.30477,0.01271,-0.77579,-0.45521,0.02930,-0.54259,-0.40700,0.00214,-0.42441,-0.32760
paul,L,0.00000,0.00000,0.00000,0.40203,-0.02495,-0.20178,0.83298,-0.24284,-0.30890,1.18507,-0.33544,-0.41251,1.43474,-0.26614,-0.51673,0.59356,-0.91235,-0.20658,0.68009,-1.40828,-0.38537,0.69066,-1.71705,-0.48007,0.70836,-1.96474,-0.54263,0.31030,-0.92573,-0.21620,0.43597,-1.18904,-0.55809,0.37574,-0.80692,-0.62288,0.33107,-0.51062,-0.57132,0.03228,-0.88158,-0.24688,0.13420,-0.97655,-0.57707,0.12200,-0.60230,-0.53266,0.11012,-0.37061,-0.39892,-0.25166,-0.82126,-0.29281,-0.13984,-0.90449,-0.50278,-0.09853,-0.62467,-0.45216,-0.08624,-0.44976,-0.35129
paul,L,0.00000,0.00000,0.00000,0.42506,-0.02560,-0.22568,0.87233,-0.24135,-0.34177,1.24600,-0.31552,-0.45293,1.48631,-0.23100,-0.56859,0.61052,-0.91569,-0.21240,0.70390,-1.42682,-0.39475,0.72690,-1.74617,-0.50494,0.74061,-2.00006,-0.58042,0.31735,-0.92470,-0.21029,0.36160,-1.19386,-0.55666,0.31472,-0.80410,-0.63876,0.28981,-0.50461,-0.60400,0.02743,-0.87529,-0.23155,0.05071,-1.03029,-0.56666,0.06358,-0.64108,-0.53113,0.07461,-0.39253,-0.40568,-0.26340,-0.80616,-0.27021,-0.22192,-0.94400,-0.49041,-0.15795,-0.65922,-0.44500,-0.11945,-0.47620,-0.34796
paul,L,0.00000,0.00000,0.00000,0.40616,-0.07994,-0.24665,0.78976,-0.29305,-0.37164,1.13297,-0.35189,-0.48611,1.36422,-0.26203,-0.60232,0.50765,-0.95644,-0.22913,0.57688,-1.44155,-0.40401,0.58991,-1.76023,-0.51145,0.58783,-2.01468,-0.59010,0.21757,-0.95238,-0.21362,0.09874,-1.20684,-0.53972,0.08405,-0.84838,-0.61964,0.12500,-0.56021,-0.59193,-0.04486,-0.88412,-0.22456,-0.15188,-0.99318,-0.52935,-0.09549,-0.65941,-0.51048,-0.01334,-0.45290,-0.40897,-0.27536,-0.78761,-0.25744,-0.34732,-0.89821,-0.45635,-0.27212,-0.65524,-0.42992,-0.16957,-0.50580,-0.35473
paul,L,0.00000,0.00000,0.00000,0.39960,-0.07741,-0.24078,0.75586,-0.29255,-0.36599,1.07835,-0.36073,-0.48417,1.31002,-0.26262,-0.60509,0.47480,-0.96627,-0.20996,0.54639,-1.43720,-0.37829,0.56381,-1.74061,-0.48078,0.56610,-1.98107,-0.55466,0.19377,-0.96176,-0.19359,0.04606,-1.18570,-0.51583,0.04186,-0.83353,-0.60005,0.08911,-0.55172,-0.57346,-0.05155,-0.89259,-0.20305,-0.18268,-0.98244,-0.50587,-0.11607,-0.65717,-0.49890,-0.02894,-0.45578,-0.40286,-0.26079,-0.79061,-0.23339,-0.35226,-0.88610,-0.43245,-0.27538,-0.65191,-0.41479,-0.16900,-0.51053,-0.34313
paul,L,0.00000,0.00000,0.00000,0.39626,-0.06534,-0.24192,0.74749,-0.27597,-0.36864,1.07318,-0.32755,-0.48803,1.30001,-0.21583,-0.61058,0.48799,-0.96179,-0.21291,0.56328,-1.43029,-0.38408,0.58491,-1.73758,-0.48957,0.59136,-1.98054,-0.56536,0.20729,-0.95858,-0.19533,0.04242,-1.17657,-0.52129,0.03278,-0.82345,-0.60704,0.07974,-0.53733,-0.58089,-0.03652,-0.89169,-0.20338,-0.17967,-0.98142,-0.51045,-0.11632,-0.65144,-0.50234,-0.03261,-0.44317,-0.40411,-0.24335,-0.79214,-0.23229,-0.34458,-0.89309,-0.43718,-0.27593,-0.65465,-0.41902,-0.17465,-0.50807,-0.34515
paul,L,0.00000,0.00000,0.00000,0.38131,-0.05874,-0.25110,0.72615,-0.25773,-0.38524,1.04473,-0.28240,-0.50997,1.26653,-0.16266,-0.63730,0.49577,-0.95359,-0.23196,0.57307,-1.43077,-0.40939,0.60134,-1.74533,-0.51865,0.61223,-1.99443,-0.59673,0.21457,-0.95402,-0.20929,0.04159,-1.16467,-0.53605,0.02342,-0.80612,-0.61740,0.06871,-0.52253,-0.58964,-0.03172,-0.89311,-0.21299,-0.18370,-0.99185,-0.51803,-0.12871,-0.66225,-0.50254,-0.04727,-0.45476,-0.40148,-0.23859,-0.80043,-0.23883,-0.34516,-0.91362,-0.44597,-0.28278,-0.67288,-0.42461,-0.18370,-0.52321,-0.34814
paul,L,0.00000,0.00000,0.00000,0.36876,-0.05249,-0.25309,0.71462,-0.23962,-0.39227,1.03771,-0.25070,-0.52280,1.26084,-0.12499,-0.65603,0.50459,-0.94514,-0.23256,0.58240,-1.41928,-0.41246,0.61642,-1.73247,-0.52264,0.63203,-1.97649,-0.59962,0.22777,-0.95089,-0.20960,0.05946,-1.14731,-0.54538,0.03488,-0.78603,-0.63269,0.07096,-0.49563,-0.60509,-0.01786,-0.89733,-0.21294,-0.16731,-0.97522,-0.52471,-0.11768,-0.64400,-0.51403,-0.04174,-0.43104,-0.41274,-0.22496,-0.81045,-0.23831,-0.32928,-0.90109,-0.44862,-0.27629,-0.65717,-0.42987,-0.18483,-0.50357,-0.35262
paul,L,0.00000,0.00000,0.00000,0.36009,-0.04823,-0.26573,0.70229,-0.21373,-0.42971,1.02012,-0.21222,-0.58646,1.23961,-0.07510,-0.74593,0.49537,-0.94181,-0.25778,0.56695,-1.43184,-0.45490,0.60379,-1.75545,-0.57761,0.61857,-2.00886,-0.66174,0.21263,-0.94806,-0.23659,0.04240,-1.13558,-0.58612,0.02200,-0.76941,-0.67776,0.06276,-0.48324,-0.65289,-0.03560,-0.89673,-0.24234,-0.18612,-0.97359,-0.56299,-0.13137,-0.64451,-0.54620,-0.04867,-0.43079,-0.43978,-0.23875,-0.80860,-0.27176,-0.34578,-0.89884,-0.48202,-0.28537,-0.65245,-0.45356,-0.18713,-0.49453,-0.36837
paul,L,0.00000,0.00000,0.00000,0.35522,-0.04467,-0.25131,0.66006,-0.19185,-0.42191,0.94418,-0.16711,-0.58937,1.15597,-0.01135,-0.76190,0.46492,-0.94877,-0.25659,0.49159,-1.44510,-0.44710,0.50118,-1.77809,-0.57068,0.49496,-2.04224,-0.65870,0.19558,-0.95013,-0.24289,-0.03546,-1.10436,-0.57889,-0.03527,-0.73140,-0.66893,0.02733,-0.43626,-0.65084,-0.04537,-0.89413,-0.25379,-0.22869,-0.98443,-0.55902,-0.15792,-0.65346,-0.53800,-0.06643,-0.41817,-0.43672,-0.23920,-0.79889,-0.28802,-0.37675,-0.89600,-0.49304,-0.31585,-0.65848,-0.46481,-0.21621,-0.49297,-0.38326
paul,L,0.00000,0.00000,0.00000,0.33987,-0.02816,-0.27734,0.62570,-0.14622,-0.47056,0.90666,-0.10288,-0.65723,1.12587,0.05651,-0.84883,0.44781,-0.93687,-0.30091,0.45642,-1.44652,-0.50583,0.45671,-1.79123,-0.63895,0.44691,-2.06964,-0.73449,0.17950,-0.94338,-0.27894,-0.07909,-1.09366,-0.62083,-0.06764,-0.71146,-0.70688,0.01579,-0.41547,-0.68811,-0.05873,-0.88462,-0.28322,-0.26701,-0.99096,-0.58852,-0.19209,-0.65878,-0.55941,-0.08942,-0.41531,-0.45572,-0.24081,-0.78227,-0.31452,-0.39875,-0.89012,-0.52462,-0.34093,-0.65241,-0.49601,-0.23983,-0.48000,-0.41483
paul,L,0.00000,0.00000,0.00000,0.32003,-0.02401,-0.30725,0.57220,-0.12626,-0.52901,0.84498,-0.08218,-0.74136,1.05689,0.08808,-0.95678,0.41851,-0.93453,-0.33986,0.39399,-1.45395,-0.55907,0.36986,-1.80735,-0.70241,0.34523,-2.08992,-0.80355,0.15667,-0.93871,-0.30703,-0.12996,-1.08886,-0.65535,-0.12073,-0.70330,-0.73962,-0.02714,-0.40939,-0.71855,-0.07716,-0.88262,-0.30265,-0.30230,-1.00984,-0.60769,-0.22639,-0.67335,-0.57026,-0.11628,-0.41692,-0.46158,-0.25569,-0.78576,-0.32982,-0.42480,-0.90381,-0.54199,-0.37596,-0.67053,-0.51256,-0.27563,-0.49451,-0.43034
paul,L,0.00000,0.00000,0.00000,0.30652,-0.01642,-0.31187,0.55875,-0.10422,-0.53888,0.82468,-0.05473,-0.75693,1.03736,0.11419,-0.97729,0.42274,-0.93841,-0.33579,0.39978,-1.45641,-0.55515,0.37733,-1.81194,-0.69860,0.35849,-2.09422,-0.79828,0.16227,-0.93963,-0.30125,-0.13545,-1.08740,-0.65385,-0.12676,-0.70635,-0.74156,-0.02469,-0.41580,-0.71888,-0.06661,-0.88313,-0.29571,-0.30231,-1.00677,-0.60401,-0.22993,-0.67720,-0.56973,-0.11570,-0.42599,-0.45914,-0.23621,-0.78628,-0.32217,-0.41123,-0.90781,-0.53118,-0.36863,-0.68256,-0.49977,-0.26956,-0.51031,-0.41395
paul,L,0.00000,0.00000,0.00000,0.28004,-0.01634,-0.33132,0.51073,-0.09280,-0.57315,0.76562,-0.04225,-0.80345,0.95428,0.14052,-1.03415,0.42070,-0.93775,-0.35431,0.39076,-1.44441,-0.58008,0.36442,-1.80091,-0.72294,0.34290,-2.07878,-0.81940,0.16860,-0.93623,-0.30829,-0.15903,-1.08680,-0.66375,-0.15058,-0.70753,-0.74592,-0.03820,-0.42873,-0.71551,-0.05171,-0.88370,-0.29324,-0.31574,-1.00512,-0.60407,-0.24360,-0.67919,-0.56654,-0.12100,-0.43772,-0.45043,-0.21515,-0.79587,-0.31219,-0.40355,-0.91830,-0.51952,-0.35881,-0.70085,-0.48817,-0.25227,-0.53670,-0.40101
paul,L,0.00000,0.00000,0.00000,0.26538,-0.01430,-0.35166,0.48711,-0.08437,-0.60347,0.73640,-0.02363,-0.83995,0.92290,0.15859,-1.07598,0.42145,-0.93620,-0.36990,0.39464,-1.43476,-0.59339,0.36747,-1.79074,-0.73139,0.34834,-2.06688,-0.82257,0.17070,-0.93475,-0.31161,-0.15890,-1.08516,-0.66236,-0.15293,-0.71119,-0.73998,-0.03727,-0.43868,-0.70447,-0.04667,-0.88506,-0.28579,-0.31041,-1.00714,-0.59838,-0.24061,-0.68008,-0.56347,-0.11787,-0.43953,-0.44605,-0.20595,-0.80436,-0.29496,-0.38998,-0.92526,-0.50468,-0.35138,-0.70480,-0.47585,-0.25001,-0.53834,-0.38818
paul,L,0.00000,0.00000,0.00000,0.29026,-0.00990,-0.30512,0.53861,-0.09984,-0.52608,0.79333,-0.05348,-0.73886,0.98132,0.11569,-0.95445,0.45314,-0.93509,-0.32030,0.45416,-1.43443,-0.53305,0.44792,-1.78247,-0.67448,0.43769,-2.05834,-0.77236,0.20329,-0.93750,-0.28242,-0.10099,-1.09577,-0.62257,-0.10222,-0.72603,-0.71128,-0.00652,-0.44745,-0.69026,-0.01824,-0.88751,-0.27238,-0.26462,-1.02143,-0.57549,-0.20058,-0.69139,-0.54520,-0.09149,-0.44376,-0.43626,-0.18519,-0.79815,-0.29260,-0.36377,-0.92495,-0.49590,-0.31957,-0.70293,-0.46347,-0.21703,-0.53567,-0.37646
paul,L,0.00000,0.00000,0.00000,0.36256,-0.02421,-0.26642,0.68451,-0.14758,-0.44305,0.96927,-0.10141,-0.61110,1.18994,0.05407,-0.78276,0.50703,-0.91854,-0.29429,0.54167,-1.43790,-0.49058,0.55550,-1.77907,-0.61429,0.55361,-2.05411,-0.70256,0.24224,-0.93166,-0.27079,-0.00196,-1.09692,-0.60464,-0.01670,-0.72895,-0.68497,0.04293,-0.43648,-0.66359,0.00117,-0.88378,-0.27217,-0.19232,-0.98568,-0.57196,-0.13161,-0.65588,-0.54335,-0.04101,-0.41881,-0.44168,-0.19356,-0.79527,-0.29895,-0.33194,-0.90283,-0.50581,-0.28247,-0.66589,-0.47931,-0.18703,-0.49855,-0.40084
paul,L,0.00000,0.00000,0.00000,0.39375,-0.02344,-0.27225,0.78438,-0.18291,-0.43933,1.11995,-0.17340,-0.59460,1.35138,-0.03400,-0.75275,0.55519,-0.89942,-0.30757,0.62583,-1.41786,-0.51649,0.65037,-1.75642,-0.64150,0.65191,-2.02918,-0.72704,0.25307,-0.92515,-0.28292,0.11234,-1.09205,-0.63649,0.07978,-0.71530,-0.71388,0.10649,-0.43631,-0.68329,-0.01832,-0.88533,-0.28358,-0.12316,-0.94298,-0.60105,-0.07622,-0.60838,-0.56839,-0.00378,-0.39791,-0.45702,-0.24975,-0.80822,-0.30877,-0.30776,-0.88112,-0.51893,-0.23640,-0.62363,-0.48449,-0.13550,-0.46283,-0.39756
paul,L,0.00000,0.00000,0.00000,0.41938,-0.02418,-0.25989,0.83059,-0.19382,-0.40763,1.17951,-0.19743,-0.54559,1.40832,-0.08353,-0.68622,0.58942,-0.88924,-0.28513,0.67302,-1.40434,-0.48219,0.70741,-1.73645,-0.59380,0.71361,-2.00229,-0.66935,0.28688,-0.92122,-0.26277,0.17549,-1.09429,-0.60846,0.13641,-0.71414,-0.67932,0.14346,-0.43822,-0.64272,0.01455,-0.88257,-0.26554,-0.07282,-0.92604,-0.57866,-0.03084,-0.58272,-0.54798,0.02966,-0.38026,-0.43784,-0.22316,-0.81134,-0.29183,-0.26957,-0.85810,-0.49861,-0.19464,-0.59589,-0.46916,-0.09761,-0.44187,-0.38724
paul,L,0.00000,0.00000,0.00000,0.42251,-0.01368,-0.24797,0.84639,-0.19861,-0.39302,1.20939,-0.23065,-0.52799,1.46494,-0.12177,-0.66590,0.62996,-0.86323,-0.29163,0.72852,-1.37444,-0.49094,0.77393,-1.69699,-0.60397,0.79262,-1.95508,-0.68310,0.32292,-0.90371,-0.28112,0.27279,-1.07638,-0.63139,0.22753,-0.68180,-0.70169,0.22332,-0.40736,-0.66649,0.03663,-0.86400,-0.29386,-0.01503,-0.89258,-0.61238,0.01524,-0.54005,-0.57238,0.06419,-0.34290,-0.45804,-0.21976,-0.78681,-0.32833,-0.24931,-0.80592,-0.52877,-0.18005,-0.53963,-0.48566,-0.09753,-0.39729,-0.39785
paul,L,0.00000,0.00000,0.00000,0.39343,-0.00923,-0.20624,0.80947,-0.19233,-0.33496,1.14822,-0.25856,-0.45847,1.38173,-0.16565,-0.58421,0.61083,-0.85594,-0.26757,0.70927,-1.31486,-0.45306,0.74816,-1.60835,-0.55567,0.76398,-1.84851,-0.62809,0.31551,-0.90946,-0.27081,0.35267,-1.00059,-0.58827,0.30139,-0.61355,-0.64159,0.26757,-0.36899,-0.60439,0.03095,-0.87427,-0.29272,0.06025,-0.81868,-0.57843,0.06937,-0.47517,-0.52393,0.08002,-0.29608,-0.41138,-0.23815,-0.79807,-0.33431,-0.20048,-0.73481,-0.50444,-0.13667,-0.48183,-0.45524,-0.08311,-0.36872,-0.37171
paul,L,0.00000,0.00000,0.00000,0.41702,-0.00587,-0.22198,0.84773,-0.21068,-0.34770,1.20844,-0.29319,-0.46771,1.45463,-0.20376,-0.59147,0.63357,-0.88852,-0.24322,0.73627,-1.38640,-0.43362,0.77393,-1.70386,-0.54570,0.79402,-1.95916,-0.62491,0.33135,-0.91092,-0.24582,0.36693,-1.12020,-0.59239,0.31281,-0.72140,-0.66721,0.28418,-0.44092,-0.63332,0.03985,-0.86247,-0.26990,0.06556,-0.93606,-0.59869,0.07654,-0.55391,-0.55396,0.08741,-0.33052,-0.43037,-0.24106,-0.78345,-0.31181,-0.20676,-0.83881,-0.52103,-0.14983,-0.55630,-0.47200,-0.10842,-0.39753,-0.37756
paul,L,0.00000,0.00000,0.00000,0.42647,-0.01725,-0.23553,0.86359,-0.22018,-0.35973,1.23224,-0.28928,-0.47572,1.47836,-0.20332,-0.59538,0.62777,-0.89720,-0.23495,0.73981,-1.39901,-0.42393,0.78168,-1.72288,-0.53707,0.80347,-1.97869,-0.61567,0.32677,-0.91665,-0.23017,0.33304,-1.15707,-0.58217,0.27452,-0.75813,-0.66174,0.25535,-0.45592,-0.62522,0.03946,-0.86854,-0.24947,0.03969,-0.96920,-0.58420,0.04760,-0.58520,-0.54610,0.06866,-0.35129,-0.42139,-0.23381,-0.79284,-0.28740,-0.21814,-0.88477,-0.50263,-0.16891,-0.59646,-0.45579,-0.11820,-0.42208,-0.35930
paul,L,0.00000,0.00000,0.00000,0.42436,-0.02328,-0.24121,0.85318,-0.22537,-0.36752,1.22248,-0.28449,-0.48535,1.47035,-0.19498,-0.60692,0.62090,-0.89578,-0.24132,0.73103,-1.39153,-0.43586,0.77554,-1.71404,-0.55264,0.80103,-1.96724,-0.63281,0.31768,-0.91865,-0.23488,0.31260,-1.16033,-0.59807,0.25200,-0.76336,-0.68350,0.23279,-0.45548,-0.64641,0.03208,-0.87305,-0.25325,0.01537,-0.96699,-0.59353,0.02697,-0.59244,-0.56242,0.05404,-0.36149,-0.43902,-0.23378,-0.79824,-0.29082,-0.23190,-0.88845,-0.50931,-0.18110,-0.60953,-0.46763,-0.12355,-0.44039,-0.37264
paul,L,0.00000,0.00000,0.00000,0.42000,-0.03986,-0.24226,0.83551,-0.22358,-0.37104,1.19615,-0.27565,-0.49214,1.45101,-0.18362,-0.61821,0.61733,-0.89584,-0.22380,0.73547,-1.36434,-0.40325,0.78199,-1.67252,-0.51398,0.80886,-1.91927,-0.59245,0.32928,-0.91979,-0.21345,0.26749,-1.16480,-0.54991,0.20954,-0.80594,-0.63673,0.20197,-0.52064,-0.60860,0.05675,-0.87524,-0.22875,-0.02147,-0.97958,-0.54645,0.00187,-0.63264,-0.52891,0.05390,-0.41819,-0.42183,-0.18733,-0.79618,-0.26406,-0.23591,-0.90212,-0.46973,-0.17931,-0.64378,-0.43828,-0.09813,-0.48409,-0.35467
paul,L,0.00000,0.00000,0.00000,0.41351,-0.03590,-0.24580,0.82503,-0.21124,-0.37399,1.18107,-0.26229,-0.49378,1.43263,-0.15522,-0.61782,0.62553,-0.89220,-0.21205,0.75539,-1.35064,-0.38355,0.81116,-1.65116,-0.49042,0.84670,-1.89103,-0.56786,0.34355,-0.91790,-0.19859,0.24738,-1.17395,-0.52438,0.18570,-0.82453,-0.61020,0.18843,-0.53868,-0.58437,0.08118,-0.87658,-0.21219,-0.02899,-1.00048,-0.51910,-0.01217,-0.66928,-0.50651,0.04777,-0.45663,-0.40601,-0.15067,-0.79909,-0.24708,-0.22441,-0.92367,-0.44469,-0.17842,-0.68161,-0.41809,-0.09094,-0.52575,-0.34071
paul,L,0.00000,0.00000,0.00000,0.40516,-0.03639,-0.24711,0.81130,-0.21044,-0.37594,1.17155,-0.25625,-0.49605,1.42605,-0.15106,-0.62017,0.63349,-0.88160,-0.21255,0.78026,-1.32759,-0.38462,0.83949,-1.62594,-0.49222,0.88034,-1.86723,-0.56997,0.35409,-0.91390,-0.19853,0.25401,-1.19029,-0.52241,0.18028,-0.84297,-0.60779,0.18126,-0.55226,-0.58097,0.09428,-0.87563,-0.21143,-0.02198,-1.02395,-0.51663,-0.01499,-0.69621,-0.50384,0.04246,-0.47687,-0.40267,-0.13279,-0.79747,-0.24568,-0.20943,-0.94609,-0.44220,-0.17512,-0.70913,-0.41420,-0.09489,-0.54578,-0.33549
paul,L,0.00000,0.00000,0.00000,0.39415,-0.02411,-0.24526,0.78988,-0.19324,-0.37479,1.15097,-0.24535,-0.49412,1.41329,-0.15789,-0.61806,0.64502,-0.86514,-0.21220,0.79644,-1.29062,-0.38928,0.86045,-1.57526,-0.50250,0.90561,-1.80682,-0.58389,0.37594,-0.90501,-0.19906,0.28483,-1.20235,-0.52686,0.19303,-0.84784,-0.61431,0.18230,-0.55830,-0.58750,0.11943,-0.87480,-0.21232,-0.00180,-1.05045,-0.52353,-0.01503,-0.71284,-0.50539,0.02920,-0.49139,-0.39961,-0.11222,-0.80032,-0.24581,-0.20236,-0.96617,-0.44889,-0.18015,-0.71318,-0.41566,-0.10838,-0.54106,-0.33208
paul,L,0.00000,0.00000,0.00000,0.39728,-0.01791,-0.23901,0.79210,-0.18589,-0.36358,1.15054,-0.24249,-0.48048,1.41305,-0.15552,-0.60262,0.64940,-0.86344,-0.19890,0.80218,-1.29009,-0.37229,0.86654,-1.57461,-0.48523,0.91197,-1.80622,-0.56723,0.38112,-0.90514,-0.18832,0.28622,-1.19377,-0.51759,0.19161,-0.83875,-0.60991,0.17454,-0.54638,-0.58641,0.12597,-0.87858,-0.20393,0.00283,-1.05944,-0.51401,-0.01025,-0.72174,-0.49863,0.03272,-0.49341,-0.39522,-0.10453,-0.80737,-0.23976,-0.19649,-0.97617,-0.44333,-0.17474,-0.72745,-0.41342,-0.10276,-0.55241,-0.33224
paul,L,0.00000,0.00000,0.00000,0.40285,-0.02092,-0.24289,0.80107,-0.17940,-0.36736,1.16154,-0.24327,-0.48295,1.43491,-0.17706,-0.60293,0.66423,-0.85559,-0.20321,0.81719,-1.28825,-0.37751,0.88369,-1.57742,-0.48928,0.92834,-1.81333,-0.57032,0.39603,-0.89803,-0.19160,0.30618,-1.19728,-0.52350,0.20944,-0.83704,-0.61372,0.19083,-0.54234,-0.58750,0.13815,-0.87210,-0.20687,0.01421,-1.05707,-0.52232,-0.00025,-0.71423,-0.50568,0.04258,-0.48574,-0.39997,-0.09764,-0.80391,-0.24244,-0.18788,-0.98009,-0.45327,-0.16657,-0.72936,-0.42585,-0.09526,-0.55428,-0.34532
paul,L,0.00000,0.00000,0.00000,0.40648,-0.02335,-0.24409,0.80228,-0.18154,-0.36671,1.16396,-0.24900,-0.48039,1.43823,-0.18423,-0.59775,0.66122,-0.85842,-0.20034,0.81569,-1.29228,-0.37344,0.88504,-1.58317,-0.48529,0.93166,-1.82053,-0.56630,0.39195,-0.90074,-0.18719,0.30018,-1.18965,-0.52129,0.20445,-0.82989,-0.61301,0.18426,-0.53176,-0.58663,0.13384,-0.87353,-0.20136,0.01025,-1.04916,-0.51537,-0.00124,-0.70840,-0.50066,0.04227,-0.47816,-0.39572,-0.10127,-0.80551,-0.23642,-0.18924,-0.97212,-0.44492,-0.16413,-0.72806,-0.42000,-0.09008,-0.55591,-0.34106
paul,L,0.00000,0.00000,0.00000,0.41036,-0.02104,-0.24314,0.81000,-0.18153,-0.36681,1.18204,-0.23987,-0.48291,1.44864,-0.16365,-0.60415,0.66293,-0.85705,-0.20092,0.81691,-1.29827,-0.37356,0.88564,-1.59203,-0.48568,0.92960,-1.83425,-0.56824,0.39259,-0.90013,-0.18880,0.30011,-1.18007,-0.52057,0.20730,-0.81497,-0.61089,0.18669,-0.52067,-0.58661,0.13226,-0.87452,-0.20405,0.00882,-1.05044,-0.51711,-0.00204,-0.70257,-0.49891,0.04109,-0.47048,-0.39359,-0.10476,-0.80716,-0.24047,-0.19455,-0.98340,-0.44913,-0.17193,-0.73337,-0.42142,-0.10091,-0.55650,-0.34187
paul,L,0.00000,0.00000,0.00000,0.39189,-0.01118,-0.22509,0.79030,-0.16243,-0.33106,1.13549,-0.22668,-0.43019,1.39025,-0.16564,-0.53277,0.64239,-0.84003,-0.14570,0.80129,-1.23542,-0.29690,0.86838,-1.50401,-0.38983,0.92962,-1.72136,-0.45637,0.37867,-0.91650,-0.12902,0.30103,-1.23416,-0.41363,0.17032,-0.90850,-0.48335,0.15849,-0.64491,-0.45071,0.12982,-0.91865,-0.14028,0.02270,-1.16352,-0.42334,-0.05128,-0.85687,-0.39967,-0.01592,-0.64857,-0.29561,-0.09218,-0.86720,-0.16992,-0.18096,-1.08175,-0.35500,-0.20575,-0.85212,-0.31774,-0.14873,-0.67224,-0.23374
paul,L,0.00000,0.00000,0.00000,0.35492,-0.04802,-0.17343,0.71125,-0.19645,-0.25537,1.02382,-0.25968,-0.33695,1.26541,-0.19531,-0.42264,0.57039,-0.86368,-0.09056,0.72956,-1.20339,-0.17498,0.81486,-1.41770,-0.26727,0.88162,-1.59358,-0.34446,0.34170,-0.93597,-0.08489,0.34250,-1.29627,-0.21187,0.24745,-1.42664,-0.32927,0.13967,-1.45516,-0.39877,0.12466,-0.92812,-0.09831,0.09404,-1.26232,-0.20489,0.02956,-1.36783,-0.29026,-0.03942,-1.38615,-0.33625,-0.08259,-0.84833,-0.13154,-0.16206,-1.09851,-0.22284,-0.21802,-1.22061,-0.27785,-0.26582,-1.28855,-0.30544
paul,L,0.00000,0.00000,0.00000,0.35822,-0.04037,-0.15189,0.68699,-0.18841,-0.23457,0.96579,-0.24894,-0.31690,1.18101,-0.17250,-0.40382,0.53825,-0.84549,-0.11961,0.71945,-1.14033,-0.22662,0.81690,-1.32169,-0.32117,0.88688,-1.47576,-0.39431,0.29916,-0.94426,-0.13737,0.30457,-1.37566,-0.24002,0.29034,-1.63948,-0.33235,0.26802,-1.85197,-0.39748,0.07392,-0.93360,-0.17465,0.03301,-1.33059,-0.28305,0.00079,-1.57501,-0.36603,-0.01788,-1.79082,-0.41631,-0.13419,-0.83836,-0.22755,-0.21666,-1.13530,-0.32716,-0.26833,-1.32026,-0.37204,-0.29775,-1.49972,-0.39473
paul,L,0.00000,0.00000,0.00000,0.35499,-0.05548,-0.15407,0.68178,-0.20825,-0.24178,0.96001,-0.26150,-0.32978,1.17180,-0.17993,-0.42255,0.51429,-0.85386,-0.11598,0.69177,-1.14681,-0.22371,0.79510,-1.32319,-0.32171,0.87782,-1.46797,-0.39671,0.27838,-0.95115,-0.13350,0.29749,-1.37727,-0.23095,0.31194,-1.64347,-0.32327,0.31581,-1.84997,-0.39024,0.05615,-0.93821,-0.17207,0.01496,-1.33086,-0.27537,-0.00295,-1.57755,-0.36428,-0.00601,-1.79014,-0.42092,-0.14812,-0.84169,-0.22692,-0.23368,-1.13111,-0.32311,-0.28063,-1.32072,-0.37285,-0.30166,-1.50338,-0.40160
paul,L,0.00000,0.00000,0.00000,0.34876,-0.06981,-0.15893,0.67438,-0.23346,-0.24837,0.95988,-0.29603,-0.34008,1.19165,-0.21803,-0.43947,0.50620,-0.88253,-0.11895,0.67658,-1.19089,-0.22999,0.76039,-1.36612,-0.33245,0.82871,-1.51505,-0.41386,0.25785,-0.95662,-0.13562,0.21202,-1.37094,-0.24291,0.17284,-1.62139,-0.35107,0.13936,-1.82716,-0.43270,0.03371,-0.92215,-0.17277,-0.05641,-1.29371,-0.28509,-0.11145,-1.52143,-0.38115,-0.14277,-1.73425,-0.44687,-0.16211,-0.81028,-0.22648,-0.27049,-1.07090,-0.33000,-0.33358,-1.22856,-0.38295,-0.37391,-1.39150,-0.41621
paul,L,0.00000,0.00000,0.00000,0.39580,-0.06242,-0.22127,0.81677,-0.27410,-0.33376,1.15707,-0.34000,-0.44307,1.41210,-0.24562,-0.55576,0.56843,-0.91871,-0.17638,0.75510,-1.32567,-0.33479,0.85206,-1.56873,-0.42614,0.93730,-1.76694,-0.49041,0.28881,-0.94268,-0.16714,0.17277,-1.23413,-0.44846,0.11445,-0.92315,-0.51939,0.13726,-0.68341,-0.49370,0.02988,-0.88999,-0.18360,-0.08866,-1.01756,-0.46015,-0.05080,-0.70987,-0.45127,0.04229,-0.53844,-0.36389,-0.19785,-0.79545,-0.21875,-0.26415,-0.87839,-0.38949,-0.20516,-0.64791,-0.36154,-0.10372,-0.51385,-0.29149
paul,L,0.00000,0.00000,0.00000,0.42419,-0.03611,-0.24179,0.86359,-0.23352,-0.35742,1.24375,-0.30305,-0.46516,1.49706,-0.22176,-0.58178,0.63393,-0.88440,-0.20771,0.81307,-1.32231,-0.37012,0.90396,-1.61028,-0.47425,0.97514,-1.84609,-0.55072,0.34815,-0.91779,-0.19095,0.24026,-1.15323,-0.52434,0.14910,-0.78720,-0.61230,0.13637,-0.47236,-0.58151,0.08339,-0.88173,-0.19907,-0.03370,-1.01582,-0.51929,-0.03248,-0.66441,-0.51050,0.02046,-0.40746,-0.40465,-0.14380,-0.80401,-0.22655,-0.20626,-0.93645,-0.44599,-0.18121,-0.68233,-0.42597,-0.11207,-0.48402,-0.34472
paul,L,0.00000,0.00000,0.00000,0.40982,-0.04480,-0.25587,0.84210,-0.24400,-0.38191,1.21571,-0.31291,-0.49361,1.46374,-0.24197,-0.61059,0.61211,-0.88573,-0.25310,0.74768,-1.34250,-0.42720,0.81581,-1.64739,-0.53388,0.84917,-1.90188,-0.61382,0.32491,-0.91682,-0.23210,0.21286,-1.13213,-0.56507,0.16399,-0.74337,-0.63949,0.17290,-0.44553,-0.60676,0.05178,-0.88158,-0.23714,-0.05619,-0.98275,-0.55711,-0.02377,-0.61546,-0.52965,0.04071,-0.38644,-0.41904,-0.19194,-0.81210,-0.26351,-0.24469,-0.93114,-0.48420,-0.19061,-0.65997,-0.45810,-0.10563,-0.48344,-0.37805
paul,L,0.00000,0.00000,0.00000,0.40692,-0.04197,-0.25351,0.83390,-0.24564,-0.38103,1.20689,-0.31684,-0.49536,1.46173,-0.25180,-0.61556,0.60079,-0.89606,-0.25778,0.71376,-1.36676,-0.43517,0.76576,-1.67779,-0.54372,0.78830,-1.93353,-0.62414,0.31020,-0.92011,-0.23912,0.19386,-1.11043,-0.58077,0.15433,-0.71917,-0.65981,0.16708,-0.41731,-0.62881,0.03433,-0.87680,-0.24549,-0.07866,-0.96555,-0.56840,-0.03386,-0.59913,-0.54069,0.03705,-0.36279,-0.42932,-0.21201,-0.79831,-0.27316,-0.26760,-0.90308,-0.49552,-0.20661,-0.63222,-0.46835,-0.11778,-0.45388,-0.38614
paul,L,0.00000,0.00000,0.00000,0.40931,-0.04501,-0.23822,0.83241,-0.25322,-0.35910,1.19971,-0.32624,-0.46858,1.45292,-0.26035,-0.58507,0.59733,-0.90076,-0.24378,0.70382,-1.36552,-0.40614,0.75323,-1.66511,-0.50718,0.77340,-1.92049,-0.58583,0.31578,-0.92090,-0.22853,0.20477,-1.09571,-0.54114,0.16878,-0.71020,-0.61179,0.18030,-0.42800,-0.58598,0.04516,-0.87615,-0.23627,-0.04851,-0.96852,-0.54163,-0.00489,-0.59846,-0.51068,0.05813,-0.37019,-0.40578,-0.19939,-0.79829,-0.26383,-0.23538,-0.90950,-0.48128,-0.16944,-0.62747,-0.45300,-0.08485,-0.44619,-0.37437
paul,L,0.00000,0.00000,0.00000,0.40714,-0.04541,-0.24531,0.82811,-0.25214,-0.37157,1.20193,-0.32042,-0.48611,1.45821,-0.24660,-0.60723,0.60144,-0.89751,-0.24946,0.70952,-1.36038,-0.41798,0.75708,-1.66209,-0.52422,0.77379,-1.92000,-0.60650,0.31838,-0.91883,-0.23320,0.20492,-1.09279,-0.55225,0.17484,-0.71032,-0.62627,0.19086,-0.43076,-0.60226,0.04694,-0.87394,-0.24092,-0.04886,-0.95680,-0.54845,0.00051,-0.59230,-0.51912,0.06665,-0.37002,-0.41534,-0.19855,-0.79584,-0.26961,-0.23667,-0.89238,-0.48547,-0.16709,-0.61364,-0.45754,-0.07891,-0.44092,-0.37954
paul,L,0.00000,0.00000,0.00000,0.40337,-0.03638,-0.25426,0.82011,-0.24552,-0.38566,1.19357,-0.31852,-0.50395,1.45695,-0.24740,-0.62853,0.59750,-0.90168,-0.26632,0.70222,-1.37032,-0.44420,0.74669,-1.67772,-0.55344,0.76299,-1.93404,-0.63600,0.30601,-0.91918,-0.24793,0.19238,-1.08742,-0.58204,0.16472,-0.69634,-0.65767,0.18324,-0.40479,-0.63038,0.02891,-0.86977,-0.25422,-0.07077,-0.93197,-0.57271,-0.01750,-0.56245,-0.54328,0.05198,-0.33349,-0.43602,-0.21788,-0.78693,-0.28221,-0.26319,-0.85639,-0.50410,-0.19318,-0.57371,-0.47850,-0.10136,-0.40178,-0.40000
paul,L,0.00000,0.00000,0.00000,0.41107,-0.03048,-0.25664,0.83220,-0.24884,-0.39102,1.21627,-0.31858,-0.51246,1.47436,-0.23241,-0.64054,0.58902,-0.91259,-0.27903,0.69064,-1.40302,-0.46088,0.73393,-1.72020,-0.57201,0.74637,-1.98217,-0.65579,0.28587,-0.92247,-0.25947,0.18900,-1.08012,-0.59928,0.17000,-0.67753,-0.67318,0.18482,-0.38210,-0.64535,0.00371,-0.86533,-0.26426,-0.07469,-0.91970,-0.58640,-0.01558,-0.54464,-0.55366,0.04670,-0.31389,-0.44461,-0.24893,-0.77878,-0.29112,-0.27121,-0.83994,-0.51443,-0.19414,-0.55265,-0.48624,-0.10765,-0.37872,-0.40634
paul,L,0.00000,0.00000,0.00000,0.41059,-0.02925,-0.24595,0.82975,-0.24122,-0.38575,1.20586,-0.31736,-0.51639,1.45360,-0.23014,-0.65423,0.57640,-0.90155,-0.30608,0.65523,-1.40460,-0.49844,0.68538,-1.73314,-0.61052,0.69191,-1.99290,-0.68887,0.25664,-0.92155,-0.29134,0.18702,-1.02617,-0.64014,0.17910,-0.63176,-0.71165,0.19096,-0.32606,-0.67915,-0.02759,-0.86389,-0.29716,-0.07324,-0.84070,-0.60613,-0.01612,-0.48723,-0.56819,0.03087,-0.24867,-0.45708,-0.27980,-0.77243,-0.32632,-0.28871,-0.76459,-0.52425,-0.21005,-0.49326,-0.48745,-0.13159,-0.31769,-0.40235
paul,L,0.00000,0.00000,0.00000,0.39234,-0.04321,-0.24258,0.80109,-0.24881,-0.38406,1.16916,-0.32592,-0.51561,1.42817,-0.24426,-0.65262,0.54398,-0.89657,-0.30602,0.61916,-1.39012,-0.49343,0.64760,-1.71755,-0.60160,0.64925,-1.97879,-0.67751,0.23289,-0.92835,-0.28970,0.16823,-0.99639,-0.62422,0.16618,-0.61186,-0.69011,0.17630,-0.32245,-0.65783,-0.04755,-0.87295,-0.29302,-0.08794,-0.81409,-0.58700,-0.02212,-0.47666,-0.55017,0.02627,-0.25249,-0.44473,-0.29498,-0.77835,-0.31977,-0.29828,-0.72700,-0.50533,-0.21390,-0.46544,-0.47093,-0.13643,-0.30122,-0.39021
paul,L,0.00000,0.00000,0.00000,0.39420,-0.04740,-0.24117,0.80148,-0.26104,-0.38073,1.16091,-0.34002,-0.50937,1.41280,-0.25883,-0.64402,0.53290,-0.90446,-0.30647,0.60303,-1.39951,-0.48862,0.62925,-1.72897,-0.59465,0.62809,-1.99344,-0.67009,0.22214,-0.93155,-0.28788,0.15405,-0.98947,-0.61309,0.14739,-0.60768,-0.67482,0.15335,-0.32223,-0.64288,-0.05747,-0.87494,-0.28850,-0.09072,-0.81717,-0.57434,-0.02829,-0.48350,-0.53476,0.01587,-0.26166,-0.43031,-0.30390,-0.78174,-0.31243,-0.29515,-0.74222,-0.49453,-0.21468,-0.48254,-0.45843,-0.14309,-0.31777,-0.37761
paul,L,0.00000,0.00000,0.00000,0.39419,-0.04505,-0.23200,0.79747,-0.25598,-0.36934,1.15079,-0.32790,-0.49787,1.39441,-0.23659,-0.63376,0.52779,-0.90402,-0.29916,0.60084,-1.38696,-0.47440,0.62688,-1.71377,-0.57688,0.62706,-1.97484,-0.65012,0.21707,-0.93417,-0.28320,0.14956,-0.97299,-0.59719,0.13898,-0.60453,-0.65947,0.14267,-0.32231,-0.63074,-0.06130,-0.87648,-0.28481,-0.08845,-0.80569,-0.56016,-0.02994,-0.48191,-0.52522,0.01136,-0.26091,-0.42621,-0.30532,-0.78126,-0.30904,-0.28831,-0.73452,-0.48168,-0.20750,-0.48504,-0.44664,-0.13477,-0.32236,-0.36829
paul,L,0.00000,0.00000,0.00000,0.39410,-0.03967,-0.24318,0.79450,-0.24541,-0.38474,1.14845,-0.31501,-0.51571,1.40438,-0.23518,-0.65401,0.53342,-0.90017,-0.30929,0.60438,-1.38728,-0.49432,0.63030,-1.71247,-0.60285,0.62798,-1.97470,-0.67963,0.22623,-0.93002,-0.28963,0.14604,-0.97436,-0.61811,0.14478,-0.59309,-0.68418,0.15625,-0.31208,-0.65507,-0.05317,-0.87472,-0.28910,-0.10322,-0.81043,-0.57954,-0.03492,-0.47441,-0.54320,0.01820,-0.25468,-0.43991,-0.30121,-0.78373,-0.31161,-0.31066,-0.74018,-0.49926,-0.21911,-0.48023,-0.46614,-0.13321,-0.31842,-0.38609
paul,L,0.00000,0.00000,0.00000,0.38604,-0.04481,-0.23833,0.77958,-0.24645,-0.37952,1.12919,-0.32038,-0.51005,1.38175,-0.25188,-0.64696,0.51900,-0.90294,-0.31469,0.58025,-1.38130,-0.49510,0.60078,-1.70689,-0.59985,0.59602,-1.96980,-0.67481,0.20895,-0.93182,-0.29673,0.12739,-0.95621,-0.61480,0.13340,-0.58659,-0.67790,0.15117,-0.30746,-0.65079,-0.06845,-0.87065,-0.29690,-0.10956,-0.77954,-0.57635,-0.03128,-0.45909,-0.54373,0.02691,-0.24369,-0.44761,-0.31025,-0.77122,-0.32033,-0.30166,-0.70448,-0.49937,-0.20656,-0.45788,-0.47109,-0.11903,-0.30341,-0.39809
paul,L,0.00000,0.00000,0.00000,0.38415,-0.04760,-0.23141,0.76975,-0.24977,-0.37153,1.11192,-0.31929,-0.50167,1.35232,-0.24785,-0.63853,0.50282,-0.90606,-0.31458,0.55859,-1.37803,-0.49263,0.57869,-1.69659,-0.59802,0.57189,-1.95378,-0.67364,0.19657,-0.93408,-0.29809,0.12317,-0.93735,-0.60986,0.12734,-0.57313,-0.67389,0.13836,-0.30113,-0.65023,-0.07645,-0.87051,-0.29836,-0.10640,-0.76521,-0.57156,-0.03018,-0.45097,-0.54068,0.02258,-0.24103,-0.44832,-0.31646,-0.77079,-0.32123,-0.29531,-0.69876,-0.49725,-0.19657,-0.45766,-0.46965,-0.10980,-0.30731,-0.39816
paul,L,0.00000,0.00000,0.00000,0.38959,-0.04829,-0.23985,0.78177,-0.26224,-0.38365,1.12897,-0.33754,-0.51599,1.37252,-0.26792,-0.65590,0.50529,-0.91568,-0.31870,0.55440,-1.40531,-0.49627,0.57022,-1.72968,-0.60321,0.55764,-1.99086,-0.68075,0.20337,-0.93237,-0.29889,0.12424,-0.95178,-0.61687,0.12188,-0.58228,-0.68409,0.12607,-0.30842,-0.66121,-0.06990,-0.86889,-0.29638,-0.10958,-0.79048,-0.57679,-0.03533,-0.46557,-0.54438,0.01585,-0.25061,-0.44923,-0.31107,-0.77324,-0.31654,-0.30059,-0.72657,-0.49898,-0.20585,-0.47508,-0.46828,-0.12250,-0.31776,-0.39324
paul,L,0.00000,0.00000,0.00000,0.39643,-0.05131,-0.25150,0.79779,-0.26680,-0.39845,1.15310,-0.34240,-0.53188,1.40385,-0.27530,-0.67187,0.50578,-0.92057,-0.32924,0.55448,-1.43312,-0.51378,0.56879,-1.77025,-0.62286,0.55549,-2.03831,-0.70108,0.19896,-0.93119,-0.30545,0.10613,-0.97627,-0.63692,0.10872,-0.59559,-0.70397,0.12479,-0.30788,-0.67639,-0.07519,-0.86579,-0.30058,-0.13237,-0.80225,-0.58862,-0.05400,-0.47428,-0.55352,0.00676,-0.25641,-0.45384,-0.31741,-0.77034,-0.31971,-0.32835,-0.72615,-0.50611,-0.23471,-0.47148,-0.47468,-0.14417,-0.31286,-0.39764
paul,L,0.00000,0.00000,0.00000,0.38395,-0.04987,-0.24895,0.77984,-0.26045,-0.39825,1.12877,-0.33896,-0.53244,1.38007,-0.28208,-0.67338,0.49909,-0.90302,-0.34257,0.54325,-1.39607,-0.52965,0.55282,-1.73061,-0.64284,0.53436,-1.99870,-0.72445,0.19819,-0.92701,-0.31838,0.10591,-0.94144,-0.64180,0.11067,-0.56791,-0.70521,0.12768,-0.29160,-0.67973,-0.07472,-0.86676,-0.31194,-0.13339,-0.77639,-0.58903,-0.05897,-0.45817,-0.54742,0.00035,-0.24806,-0.44869,-0.31494,-0.77250,-0.32999,-0.33193,-0.71200,-0.50792,-0.24705,-0.46339,-0.47221,-0.16318,-0.31167,-0.39497
paul,L,0.00000,0.00000,0.00000,0.38505,-0.05312,-0.25201,0.77918,-0.27583,-0.40257,1.12843,-0.37125,-0.53856,1.38639,-0.32286,-0.68111,0.50864,-0.90903,-0.33802,0.55303,-1.40604,-0.53186,0.56019,-1.74163,-0.64873,0.54158,-2.01300,-0.73248,0.20291,-0.92703,-0.31536,0.12628,-0.98228,-0.65235,0.12000,-0.59622,-0.71847,0.12788,-0.31213,-0.69003,-0.07455,-0.86687,-0.31144,-0.11815,-0.81822,-0.60536,-0.05006,-0.48140,-0.56042,0.00382,-0.25830,-0.45350,-0.32038,-0.77116,-0.33139,-0.32233,-0.74520,-0.52486,-0.23377,-0.48789,-0.48871,-0.15059,-0.32679,-0.40732
paul,L,0.00000,0.00000,0.00000,0.38925,-0.05850,-0.26505,0.78085,-0.30216,-0.41028,1.13245,-0.44593,-0.53833,1.41250,-0.45373,-0.66912,0.53810,-0.91533,-0.32088,0.58934,-1.42388,-0.52451,0.59568,-1.75912,-0.64263,0.57828,-2.02520,-0.72344,0.23422,-0.92643,-0.29473,0.15258,-1.03287,-0.65719,0.13081,-0.62934,-0.72853,0.13851,-0.33584,-0.69259,-0.04369,-0.86882,-0.29181,-0.10538,-0.86932,-0.61819,-0.05441,-0.51214,-0.57193,-0.00181,-0.28430,-0.45213,-0.29659,-0.77670,-0.31222,-0.32212,-0.79115,-0.53006,-0.24626,-0.52091,-0.49250,-0.16464,-0.35516,-0.40241
paul,L,0.00000,0.00000,0.00000,0.39525,-0.06316,-0.25686,0.79805,-0.31404,-0.39067,1.15669,-0.46405,-0.51065,1.43046,-0.46586,-0.63493,0.55695,-0.92032,-0.29140,0.63246,-1.42902,-0.48690,0.64618,-1.76375,-0.59749,0.63656,-2.03092,-0.67318,0.25602,-0.92854,-0.26882,0.15651,-1.07003,-0.63265,0.12139,-0.66721,-0.70738,0.12958,-0.36343,-0.66951,-0.02015,-0.87319,-0.26964,-0.10582,-0.90984,-0.60239,-0.05809,-0.54655,-0.56255,0.00397,-0.30663,-0.44242,-0.27289,-0.78414,-0.29233,-0.31744,-0.82831,-0.51616,-0.24175,-0.55841,-0.48266,-0.15009,-0.38429,-0.39307
paul,L,0.00000,0.00000,0.00000,0.39502,-0.05354,-0.26126,0.79842,-0.28718,-0.40086,1.16795,-0.40900,-0.52594,1.43743,-0.37532,-0.65669,0.55834,-0.90820,-0.30506,0.63876,-1.40907,-0.50220,0.65915,-1.74304,-0.61592,0.65534,-2.01098,-0.69514,0.25901,-0.92425,-0.28050,0.14963,-1.05231,-0.64407,0.11730,-0.65404,-0.72108,0.12762,-0.34882,-0.68615,-0.01592,-0.87351,-0.27878,-0.11149,-0.89086,-0.60849,-0.06045,-0.53278,-0.57376,0.00385,-0.29213,-0.45852,-0.26423,-0.78778,-0.29967,-0.31830,-0.81621,-0.52341,-0.24066,-0.54871,-0.49544,-0.14475,-0.37369,-0.41038
paul,L,0.00000,0.00000,0.00000,0.39205,-0.05401,-0.26393,0.79293,-0.28110,-0.40765,1.15773,-0.38366,-0.53598,1.41797,-0.33273,-0.67022,0.55154,-0.90393,-0.31837,0.62794,-1.40198,-0.51763,0.64868,-1.73318,-0.63267,0.64224,-1.99950,-0.71338,0.25080,-0.92278,-0.29254,0.13989,-1.03473,-0.65175,0.11364,-0.63578,-0.72451,0.12627,-0.33906,-0.69015,-0.02583,-0.87345,-0.28946,-0.11781,-0.87632,-0.61251,-0.06407,-0.52294,-0.57573,-0.00064,-0.29206,-0.46311,-0.27645,-0.79056,-0.30992,-0.32517,-0.80352,-0.52990,-0.24275,-0.53623,-0.50274,-0.14553,-0.36721,-0.42049
paul,L,0.00000,0.00000,0.00000,0.38565,-0.04857,-0.26058,0.78127,-0.26852,-0.40173,1.14444,-0.36042,-0.52710,1.40410,-0.30605,-0.65825,0.54793,-0.89676,-0.31474,0.62337,-1.38761,-0.51138,0.64444,-1.71137,-0.62567,0.64029,-1.97182,-0.70513,0.25563,-0.92324,-0.28684,0.14219,-1.01293,-0.64020,0.11459,-0.62178,-0.71214,0.12696,-0.33118,-0.67815,-0.01675,-0.88033,-0.28149,-0.11420,-0.85614,-0.59769,-0.06290,-0.51160,-0.56427,-0.00032,-0.28546,-0.45492,-0.26478,-0.80436,-0.29952,-0.31997,-0.80043,-0.51529,-0.24290,-0.53517,-0.49100,-0.14885,-0.36816,-0.41076
paul,L,0.00000,0.00000,0.00000,0.38886,-0.04499,-0.26158,0.79018,-0.26489,-0.40435,1.15758,-0.36070,-0.53083,1.42046,-0.31388,-0.66328,0.54920,-0.89321,-0.32326,0.62218,-1.38876,-0.52258,0.64301,-1.71639,-0.63927,0.63680,-1.98428,-0.72160,0.25547,-0.92024,-0.29646,0.14327,-1.01391,-0.65142,0.11678,-0.61449,-0.72213,0.13019,-0.32267,-0.68845,-0.01818,-0.87691,-0.29195,-0.11372,-0.85830,-0.61134,-0.06132,-0.50839,-0.57301,0.00289,-0.28215,-0.46077,-0.26856,-0.80132,-0.31070,-0.31754,-0.81171,-0.52933,-0.24066,-0.54280,-0.50056,-0.14826,-0.37454,-0.41759
paul,L,0.00000,0.00000,0.00000,0.39051,-0.05244,-0.25242,0.78646,-0.27551,-0.38944,1.14333,-0.37261,-0.51285,1.40071,-0.32367,-0.64240,0.54954,-0.90059,-0.30681,0.61936,-1.39027,-0.50222,0.63723,-1.71573,-0.61576,0.62931,-1.97797,-0.69490,0.25393,-0.92485,-0.28314,0.14762,-1.01494,-0.63575,0.12354,-0.62322,-0.70889,0.13410,-0.33278,-0.67587,-0.01979,-0.87886,-0.28108,-0.10963,-0.86055,-0.59784,-0.05420,-0.51351,-0.56409,0.00854,-0.28575,-0.45459,-0.26947,-0.79935,-0.30155,-0.31732,-0.79784,-0.51951,-0.23193,-0.53182,-0.49568,-0.13400,-0.36369,-0.41566
paul,L,0.00000,0.00000,0.00000,0.38798,-0.05432,-0.25868,0.77881,-0.27704,-0.40028,1.13854,-0.37646,-0.52667,1.40356,-0.33422,-0.65884,0.54485,-0.89660,-0.31408,0.61322,-1.38493,-0.51214,0.63017,-1.71030,-0.62832,0.62212,-1.97466,-0.70942,0.25163,-0.92394,-0.28812,0.14468,-1.02197,-0.64045,0.11990,-0.62809,-0.71173,0.13190,-0.33626,-0.67763,-0.02199,-0.88038,-0.28449,-0.11452,-0.86481,-0.60017,-0.06169,-0.51685,-0.56315,0.00042,-0.28910,-0.45195,-0.27165,-0.80192,-0.30409,-0.32406,-0.80459,-0.51977,-0.24362,-0.53635,-0.49241,-0.14964,-0.36788,-0.41049
paul,L,0.00000,0.00000,0.00000,0.39108,-0.05441,-0.25655,0.78821,-0.28239,-0.39586,1.15025,-0.38895,-0.52026,1.41478,-0.34787,-0.65000,0.54752,-0.90098,-0.31064,0.61168,-1.39503,-0.50772,0.62740,-1.72359,-0.62394,0.61855,-1.98865,-0.70547,0.25293,-0.92425,-0.28598,0.14387,-1.02174,-0.64062,0.11941,-0.62549,-0.71312,0.13277,-0.33065,-0.67930,-0.01984,-0.87861,-0.28357,-0.11246,-0.86579,-0.60092,-0.06067,-0.51773,-0.56353,0.00103,-0.28835,-0.45159,-0.26987,-0.80037,-0.30429,-0.31987,-0.80610,-0.52095,-0.24088,-0.53857,-0.49331,-0.14712,-0.36875,-0.41089
paul,L,0.00000,0.00000,0.00000,0.39230,-0.05908,-0.24248,0.78762,-0.30020,-0.37342,1.14042,-0.43200,-0.49274,1.39819,-0.40916,-0.61819,0.54444,-0.90730,-0.29694,0.60309,-1.40079,-0.48584,0.61307,-1.72742,-0.59447,0.60128,-1.99235,-0.66965,0.24829,-0.92838,-0.27653,0.14987,-1.01433,-0.62316,0.12895,-0.62542,-0.69500,0.14137,-0.33267,-0.66050,-0.02569,-0.88223,-0.27620,-0.10812,-0.85722,-0.58513,-0.04938,-0.51361,-0.54946,0.01393,-0.28183,-0.43920,-0.27798,-0.80029,-0.29781,-0.31814,-0.79476,-0.50460,-0.23022,-0.53029,-0.47509,-0.13364,-0.35801,-0.39179
paul,L,0.00000,0.00000,0.00000,0.38808,-0.06387,-0.24241,0.78499,-0.31868,-0.37362,1.14049,-0.47838,-0.49176,1.40052,-0.47747,-0.61389,0.54259,-0.89887,-0.30894,0.60565,-1.38233,-0.50545,0.61027,-1.70994,-0.61673,0.59428,-1.97582,-0.69212,0.24278,-0.92602,-0.28902,0.19244,-1.00248,-0.64130,0.17697,-0.60696,-0.70903,0.18316,-0.31405,-0.67029,-0.03122,-0.88239,-0.28911,-0.07461,-0.84118,-0.59798,-0.02236,-0.49584,-0.55223,0.02585,-0.26629,-0.43498,-0.28773,-0.80181,-0.31166,-0.29993,-0.79133,-0.51061,-0.22133,-0.52803,-0.47119,-0.14371,-0.36044,-0.38182
paul,L,0.00000,0.00000,0.00000,0.37602,-0.04893,-0.17729,0.75382,-0.30828,-0.27654,1.06621,-0.48210,-0.37078,1.30657,-0.48340,-0.46715,0.54188,-0.87088,-0.25101,0.58821,-1.30206,-0.42263,0.57645,-1.60142,-0.52051,0.55883,-1.84788,-0.58924,0.26842,-0.92977,-0.25196,0.29785,-0.95108,-0.54797,0.26722,-0.58301,-0.59180,0.24757,-0.32697,-0.55122,-0.00076,-0.90053,-0.26793,0.02761,-0.79234,-0.52384,0.03998,-0.46501,-0.45781,0.05148,-0.26147,-0.34366,-0.26998,-0.82947,-0.30341,-0.22618,-0.74167,-0.45412,-0.17324,-0.49785,-0.40133,-0.13313,-0.36375,-0.31637
paul,L,0.00000,0.00000,0.00000,0.35110,-0.06217,-0.15196,0.68665,-0.31780,-0.24637,0.95732,-0.48538,-0.33855,1.18258,-0.50058,-0.42961,0.49696,-0.87054,-0.25632,0.54134,-1.27047,-0.42507,0.53192,-1.55350,-0.51710,0.51882,-1.78648,-0.57968,0.23162,-0.93537,-0.26728,0.38607,-0.86750,-0.54446,0.36116,-0.52994,-0.57720,0.31396,-0.29497,-0.53602,-0.02369,-0.89728,-0.29046,0.14601,-0.71081,-0.53235,0.14352,-0.41483,-0.47199,0.12085,-0.23055,-0.36695,-0.26747,-0.80958,-0.33144,-0.11011,-0.66901,-0.47457,-0.06214,-0.45150,-0.43238,-0.04845,-0.32448,-0.35824
paul,L,0.00000,0.00000,0.00000,0.30062,-0.08814,-0.09757,0.55749,-0.30591,-0.19879,0.75699,-0.45563,-0.31027,0.94682,-0.53702,-0.42152,0.41210,-0.89475,-0.20118,0.47310,-1.27144,-0.36884,0.48664,-1.53805,-0.46700,0.48752,-1.76535,-0.53327,0.20229,-0.94822,-0.24488,0.49654,-0.85060,-0.49860,0.46864,-0.51919,-0.53194,0.37405,-0.32341,-0.50004,0.00088,-0.88986,-0.29700,0.29819,-0.69874,-0.52692,0.25471,-0.41157,-0.46606,0.17177,-0.26375,-0.36891,-0.19031,-0.77672,-0.36066,0.04245,-0.63545,-0.50466,0.05287,-0.40865,-0.45356,0.01466,-0.28841,-0.37511
paul,L,0.00000,0.00000,0.00000,0.36765,-0.16161,-0.02707,0.55663,-0.38939,-0.10121,0.69416,-0.54848,-0.20613,0.82257,-0.64579,-0.30563,0.37900,-0.93885,-0.06091,0.47760,-1.24736,-0.19961,0.50853,-1.49628,-0.28937,0.51191,-1.71778,-0.35690,0.22878,-0.96318,-0.14126,0.68675,-0.82369,-0.36509,0.64783,-0.53470,-0.41190,0.50803,-0.41808,-0.39537,0.12745,-0.88259,-0.22910,0.58235,-0.65745,-0.44432,0.49900,-0.39027,-0.40177,0.35349,-0.30761,-0.32112,0.05813,-0.75343,-0.32341,0.39152,-0.57841,-0.45079,0.35249,-0.37131,-0.40350,0.24764,-0.30058,-0.33443
paul,L,0.00000,0.00000,0.00000,0.37401,-0.21873,-0.01698,0.51195,-0.51390,-0.05830,0.55309,-0.74070,-0.12483,0.58462,-0.89655,-0.18283,0.33779,-0.96352,-0.05347,0.44633,-1.26128,-0.17512,0.47274,-1.49995,-0.24764,0.48276,-1.70985,-0.30183,0.21693,-0.96823,-0.12436,0.71857,-0.82622,-0.31992,0.67112,-0.58496,-0.34915,0.52989,-0.49091,-0.32750,0.16198,-0.86361,-0.20348,0.64398,-0.64187,-0.38456,0.55233,-0.42595,-0.34884,0.41855,-0.37312,-0.28494,0.15092,-0.71613,-0.28997,0.51858,-0.53917,-0.39318,0.45714,-0.36444,-0.35937,0.35008,-0.31640,-0.31013
paul,L,0.00000,0.00000,0.00000,0.38478,-0.22163,0.00334,0.52414,-0.51317,-0.03286,0.57939,-0.73110,-0.09965,0.63050,-0.88024,-0.15863,0.32340,-0.96667,-0.03023,0.43437,-1.27336,-0.14187,0.45622,-1.51195,-0.20807,0.46206,-1.72058,-0.25911,0.21774,-0.96980,-0.10992,0.73318,-0.83741,-0.29897,0.68560,-0.59602,-0.32741,0.53999,-0.50288,-0.30603,0.17961,-0.86711,-0.19569,0.67624,-0.64847,-0.36486,0.57806,-0.43018,-0.32691,0.43802,-0.37883,-0.26473,0.18419,-0.72271,-0.28759,0.55054,-0.54100,-0.37929,0.48460,-0.36274,-0.34309,0.37859,-0.31490,-0.29488
paul,L,0.00000,0.00000,0.00000,0.39117,-0.22106,-0.00087,0.53259,-0.50891,-0.04336,0.59468,-0.71936,-0.11558,0.65267,-0.85601,-0.17996,0.32414,-0.96972,-0.04096,0.42904,-1.27387,-0.15515,0.44640,-1.51371,-0.22377,0.45435,-1.72251,-0.27738,0.21694,-0.96880,-0.11987,0.73382,-0.83981,-0.30986,0.68739,-0.60186,-0.33757,0.54795,-0.50760,-0.31664,0.17945,-0.85998,-0.20471,0.67532,-0.64880,-0.37131,0.57785,-0.43825,-0.33127,0.44082,-0.38843,-0.27001,0.18758,-0.71026,-0.29646,0.55256,-0.52879,-0.38668,0.48438,-0.35597,-0.35097,0.37957,-0.31377,-0.30487
paul,L,0.00000,0.00000,0.00000,0.38890,-0.21491,-0.01136,0.53540,-0.50922,-0.05438,0.59666,-0.72440,-0.12480,0.65110,-0.86117,-0.18595,0.33789,-0.96499,-0.04410,0.44885,-1.26738,-0.16225,0.46943,-1.50560,-0.23417,0.47961,-1.71485,-0.29066,0.22707,-0.96672,-0.11786,0.73185,-0.83890,-0.31650,0.68260,-0.60478,-0.35042,0.54267,-0.51001,-0.33263,0.18469,-0.86029,-0.19881,0.67001,-0.64871,-0.37523,0.57070,-0.43769,-0.34005,0.43540,-0.38606,-0.27953,0.18708,-0.71141,-0.28720,0.55552,-0.52412,-0.38641,0.48186,-0.35387,-0.35715,0.37178,-0.31497,-0.31420
paul,L,0.00000,0.00000,0.00000,0.38701,-0.20811,-0.01835,0.53547,-0.49237,-0.06245,0.57885,-0.70784,-0.13269,0.60634,-0.86480,-0.19247,0.36279,-0.95113,-0.04532,0.47497,-1.25250,-0.16956,0.49507,-1.49331,-0.24511,0.50216,-1.71202,-0.30403,0.24223,-0.96290,-0.11891,0.74204,-0.81620,-0.32141,0.67737,-0.57395,-0.35502,0.52628,-0.49308,-0.33744,0.18000,-0.86694,-0.20196,0.66110,-0.64315,-0.38770,0.55336,-0.42822,-0.35179,0.40962,-0.39021,-0.28938,0.16091,-0.72544,-0.29271,0.52356,-0.53814,-0.39971,0.44783,-0.36948,-0.36808,0.32587,-0.33977,-0.32177
paul,L,0.00000,0.00000,0.00000,0.34978,-0.18347,-0.02988,0.53332,-0.39683,-0.11609,0.68212,-0.52921,-0.23601,0.82759,-0.61745,-0.35197,0.38613,-0.93847,-0.05882,0.48402,-1.25618,-0.19893,0.51943,-1.51287,-0.29283,0.52961,-1.73455,-0.36058,0.22645,-0.96431,-0.13719,0.66115,-0.84281,-0.36128,0.62349,-0.55084,-0.41057,0.48706,-0.40671,-0.39362,0.11268,-0.89547,-0.22335,0.54281,-0.70581,-0.43627,0.46612,-0.43140,-0.38798,0.32907,-0.30766,-0.29967,0.02523,-0.77398,-0.31656,0.34766,-0.63267,-0.44539,0.33035,-0.41709,-0.39129,0.24309,-0.30575,-0.31268
paul,L,0.00000,0.00000,0.00000,0.31739,-0.09803,-0.09730,0.56870,-0.27528,-0.20800,0.75516,-0.39595,-0.33506,0.94313,-0.47304,-0.46102,0.45256,-0.88063,-0.16303,0.54439,-1.23497,-0.33011,0.57324,-1.49233,-0.43078,0.58870,-1.71526,-0.49751,0.26202,-0.94279,-0.20614,0.56637,-0.83977,-0.45894,0.50422,-0.51256,-0.50114,0.38035,-0.33591,-0.47172,0.07855,-0.90200,-0.25970,0.37339,-0.71822,-0.49412,0.30251,-0.42964,-0.43933,0.19646,-0.28894,-0.33942,-0.10004,-0.81190,-0.32402,0.13506,-0.68146,-0.46684,0.13563,-0.46061,-0.41445,0.08455,-0.34405,-0.33126
paul,L,0.00000,0.00000,0.00000,0.34023,-0.04421,-0.14992,0.67808,-0.24568,-0.25889,0.94674,-0.37456,-0.37270,1.18327,-0.37964,-0.48481,0.55038,-0.83846,-0.21994,0.64748,-1.22799,-0.39125,0.67402,-1.49979,-0.48439,0.69260,-1.72693,-0.54564,0.31169,-0.92018,-0.23690,0.50309,-0.86305,-0.52331,0.42949,-0.52706,-0.56294,0.33354,-0.31692,-0.52141,0.06885,-0.90676,-0.26780,0.25472,-0.74945,-0.52389,0.19431,-0.44516,-0.46526,0.12572,-0.28226,-0.35423,-0.17401,-0.84882,-0.31452,-0.01401,-0.73817,-0.46314,-0.01164,-0.51993,-0.41473,-0.03985,-0.41062,-0.33268
paul,L,0.00000,0.00000,0.00000,0.36561,-0.02696,-0.16560,0.75637,-0.24178,-0.26253,1.07129,-0.36265,-0.35855,1.30950,-0.34214,-0.45577,0.58178,-0.83821,-0.23405,0.68026,-1.26408,-0.40150,0.70464,-1.55031,-0.49129,0.72066,-1.78567,-0.55162,0.31983,-0.91709,-0.23802,0.42502,-0.92124,-0.53472,0.35218,-0.56430,-0.57458,0.28066,-0.31790,-0.52952,0.05489,-0.90915,-0.25679,0.14638,-0.81284,-0.51855,0.11859,-0.48365,-0.45580,0.08952,-0.27516,-0.34024,-0.21131,-0.85747,-0.29299,-0.11873,-0.76680,-0.45677,-0.09102,-0.52212,-0.41472,-0.08290,-0.37697,-0.33403
paul,L,0.00000,0.00000,0.00000,0.37456,-0.03010,-0.18508,0.78250,-0.24923,-0.28952,1.11587,-0.35802,-0.38958,1.35592,-0.32702,-0.49116,0.59531,-0.84089,-0.24568,0.69270,-1.28066,-0.41763,0.71176,-1.57493,-0.51288,0.71981,-1.81738,-0.57794,0.32690,-0.91284,-0.24466,0.38393,-0.95168,-0.54797,0.31783,-0.58030,-0.59312,0.26607,-0.32821,-0.55004,0.05784,-0.90311,-0.25954,0.10485,-0.83653,-0.52580,0.08168,-0.49083,-0.45919,0.06523,-0.27939,-0.33990,-0.21535,-0.85526,-0.29370,-0.15779,-0.79333,-0.45879,-0.13493,-0.53012,-0.40698,-0.12058,-0.37888,-0.31822
paul,L,0.00000,0.00000,0.00000,0.38929,-0.04450,-0.25781,0.80972,-0.26007,-0.39878,1.17416,-0.36160,-0.52537,1.44290,-0.32910,-0.65426,0.59568,-0.88163,-0.29360,0.70021,-1.37202,-0.49867,0.72736,-1.69142,-0.61962,0.73629,-1.95119,-0.70233,0.29329,-0.91545,-0.27555,0.24334,-1.07242,-0.64737,0.18791,-0.66840,-0.72594,0.17868,-0.37257,-0.68854,0.01046,-0.87823,-0.28193,-0.04588,-0.91931,-0.62292,-0.02416,-0.54841,-0.58077,0.01669,-0.31909,-0.45553,-0.25190,-0.80705,-0.30970,-0.27193,-0.87279,-0.53367,-0.21993,-0.58641,-0.49092,-0.15590,-0.41204,-0.39427
paul,L,0.00000,0.00000,0.00000,0.39424,-0.04333,-0.25971,0.80071,-0.24454,-0.39481,1.15721,-0.33090,-0.51485,1.42289,-0.29292,-0.63795,0.58463,-0.89609,-0.27809,0.69296,-1.37391,-0.46571,0.73590,-1.68141,-0.57619,0.75015,-1.93307,-0.65338,0.29131,-0.92236,-0.25376,0.20110,-1.06776,-0.59912,0.15600,-0.67965,-0.67332,0.15590,-0.39855,-0.63982,0.01514,-0.87953,-0.25476,-0.07185,-0.92065,-0.58205,-0.03596,-0.55765,-0.55047,0.02187,-0.33823,-0.43655,-0.23269,-0.80369,-0.27701,-0.27241,-0.87752,-0.50081,-0.21547,-0.60077,-0.47008,-0.13894,-0.43360,-0.38347
paul,L,0.00000,0.00000,0.00000,0.39001,-0.03585,-0.26697,0.79938,-0.24115,-0.40635,1.15710,-0.32856,-0.52951,1.42426,-0.27437,-0.65729,0.59614,-0.89085,-0.28752,0.70911,-1.37620,-0.47559,0.75561,-1.68871,-0.58693,0.77533,-1.94704,-0.66643,0.30931,-0.91451,-0.26075,0.20021,-1.07171,-0.60685,0.14844,-0.68652,-0.68125,0.15531,-0.40446,-0.64843,0.03453,-0.87490,-0.25943,-0.07040,-0.93742,-0.59048,-0.03849,-0.57075,-0.55838,0.02882,-0.34462,-0.44363,-0.21189,-0.80210,-0.27967,-0.26203,-0.89983,-0.51059,-0.20820,-0.61778,-0.48072,-0.12324,-0.43945,-0.39382
paul,L,0.00000,0.00000,0.00000,0.38346,-0.02778,-0.26278,0.78182,-0.23351,-0.40010,1.14683,-0.32110,-0.52227,1.41420,-0.26279,-0.64832,0.59431,-0.88508,-0.28529,0.70670,-1.37404,-0.47474,0.75244,-1.68895,-0.58673,0.76836,-1.95049,-0.66744,0.31240,-0.91382,-0.25949,0.19062,-1.07485,-0.60624,0.14439,-0.68605,-0.68116,0.15649,-0.40291,-0.64967,0.04143,-0.87811,-0.25866,-0.07417,-0.93606,-0.58512,-0.03457,-0.57726,-0.55319,0.03764,-0.35381,-0.44155,-0.20362,-0.80572,-0.27963,-0.26186,-0.88856,-0.50580,-0.19826,-0.61622,-0.47797,-0.10340,-0.44640,-0.39464
paul,L,0.00000,0.00000,0.00000,0.38587,-0.02773,-0.26066,0.77978,-0.23820,-0.39745,1.14440,-0.32098,-0.52025,1.41508,-0.25811,-0.64756,0.59478,-0.89326,-0.28162,0.70976,-1.38358,-0.46984,0.75503,-1.69669,-0.58095,0.77362,-1.95609,-0.66125,0.30621,-0.91645,-0.25758,0.19298,-1.07503,-0.60715,0.14594,-0.68651,-0.68472,0.15736,-0.40196,-0.65427,0.03251,-0.87711,-0.25839,-0.07081,-0.93885,-0.58873,-0.03146,-0.57753,-0.55863,0.03907,-0.35040,-0.44677,-0.21277,-0.80104,-0.28050,-0.25863,-0.89053,-0.51043,-0.19634,-0.61507,-0.48320,-0.10470,-0.44013,-0.39925
paul,L,0.00000,0.00000,0.00000,0.38254,-0.03382,-0.25864,0.77629,-0.24267,-0.39790,1.13478,-0.32893,-0.52380,1.39460,-0.26011,-0.65441,0.58816,-0.89037,-0.28436,0.70034,-1.38402,-0.47452,0.74687,-1.70319,-0.58667,0.76399,-1.96633,-0.66727,0.30274,-0.91645,-0.26165,0.19119,-1.07492,-0.61035,0.14018,-0.68164,-0.68569,0.14625,-0.39412,-0.65397,0.03148,-0.87948,-0.26310,-0.07035,-0.94117,-0.58999,-0.03635,-0.58058,-0.55637,0.02960,-0.35259,-0.44321,-0.21401,-0.80599,-0.28605,-0.26303,-0.89033,-0.51159,-0.20030,-0.61938,-0.48153,-0.10899,-0.44746,-0.39644
paul,L,0.00000,0.00000,0.00000,0.37926,-0.03650,-0.26373,0.76492,-0.24674,-0.40595,1.12211,-0.32658,-0.53380,1.37604,-0.24900,-0.66746,0.55995,-0.90487,-0.29111,0.65291,-1.40399,-0.48267,0.69477,-1.72640,-0.59809,0.71322,-1.99097,-0.68232,0.27966,-0.92250,-0.26607,0.13503,-1.06456,-0.61850,0.09308,-0.66953,-0.69557,0.11559,-0.37921,-0.66563,0.01265,-0.87778,-0.26605,-0.11522,-0.92893,-0.59544,-0.07023,-0.57499,-0.56567,0.01080,-0.34918,-0.45572,-0.22835,-0.79948,-0.28809,-0.29817,-0.87736,-0.51894,-0.22823,-0.61015,-0.49516,-0.12381,-0.44027,-0.41455
paul,L,0.00000,0.00000,0.00000,0.38018,-0.03869,-0.25594,0.75827,-0.25265,-0.39865,1.10033,-0.31874,-0.53109,1.34721,-0.22466,-0.67204,0.52660,-0.93230,-0.28738,0.59387,-1.45420,-0.47397,0.62697,-1.78061,-0.58731,0.64146,-2.04609,-0.66978,0.24600,-0.93223,-0.26539,0.07682,-1.04958,-0.61810,0.05323,-0.65625,-0.70242,0.08530,-0.36608,-0.67948,-0.01664,-0.87784,-0.26663,-0.16317,-0.93105,-0.59658,-0.09916,-0.57672,-0.57423,-0.01041,-0.34436,-0.46996,-0.25173,-0.79612,-0.28911,-0.33564,-0.88261,-0.52262,-0.25572,-0.61406,-0.50190,-0.14567,-0.43626,-0.42309
paul,L,0.00000,0.00000,0.00000,0.36228,-0.04698,-0.24406,0.69891,-0.25177,-0.38612,1.01369,-0.29759,-0.52138,1.24521,-0.18164,-0.66547,0.48237,-0.94491,-0.27289,0.52617,-1.45886,-0.45141,0.54804,-1.78517,-0.56420,0.55779,-2.04916,-0.64818,0.21753,-0.94287,-0.25235,-0.00329,-1.02137,-0.59058,-0.01423,-0.65079,-0.67934,0.03508,-0.36351,-0.66566,-0.02927,-0.88467,-0.25365,-0.22174,-0.91082,-0.56336,-0.14249,-0.58193,-0.55058,-0.03974,-0.34883,-0.46108,-0.24417,-0.79670,-0.27673,-0.36685,-0.84594,-0.49853,-0.28341,-0.59242,-0.48780,-0.15999,-0.41739,-0.42001
paul,L,0.00000,0.00000,0.00000,0.34882,-0.05435,-0.25033,0.66253,-0.24024,-0.41205,0.95778,-0.28052,-0.56879,1.18016,-0.17148,-0.73349,0.46424,-0.95079,-0.28875,0.48802,-1.46819,-0.47812,0.49943,-1.79370,-0.59609,0.49842,-2.05647,-0.68100,0.21347,-0.93902,-0.26959,-0.04190,-1.01732,-0.60952,-0.03532,-0.65265,-0.69716,0.03210,-0.38077,-0.68286,-0.02461,-0.87696,-0.27252,-0.23794,-0.90180,-0.58050,-0.14332,-0.57662,-0.56055,-0.03060,-0.35101,-0.46662,-0.22947,-0.78390,-0.29858,-0.37480,-0.83787,-0.51367,-0.28776,-0.59007,-0.49424,-0.16359,-0.42144,-0.42043
paul,L,0.00000,0.00000,0.00000,0.32827,-0.05534,-0.25525,0.59589,-0.22112,-0.43185,0.86679,-0.25817,-0.60582,1.07318,-0.14770,-0.78603,0.43069,-0.95179,-0.30060,0.42210,-1.48177,-0.49683,0.40705,-1.81834,-0.61902,0.38524,-2.09376,-0.70724,0.18778,-0.94005,-0.28467,-0.09474,-1.02106,-0.62337,-0.07420,-0.65366,-0.70672,0.01143,-0.38588,-0.69153,-0.04455,-0.87661,-0.29156,-0.28178,-0.91984,-0.59786,-0.18390,-0.58925,-0.56979,-0.06570,-0.35410,-0.47244,-0.23547,-0.78344,-0.32354,-0.40363,-0.84691,-0.53804,-0.32566,-0.60528,-0.51615,-0.20511,-0.43311,-0.44202
paul,L,0.00000,0.00000,0.00000,0.29055,-0.03093,-0.31232,0.52898,-0.17033,-0.52039,0.80018,-0.20198,-0.71388,1.01713,-0.09239,-0.90787,0.40943,-0.93524,-0.35575,0.37424,-1.46256,-0.56760,0.34422,-1.80104,-0.69111,0.31573,-2.07471,-0.77611,0.17224,-0.93396,-0.31313,-0.16297,-0.98651,-0.65982,-0.12752,-0.60524,-0.73220,-0.00806,-0.34349,-0.70470,-0.05006,-0.87395,-0.29934,-0.32102,-0.88649,-0.61985,-0.21417,-0.55844,-0.58998,-0.07541,-0.33361,-0.48620,-0.22093,-0.78794,-0.31580,-0.40440,-0.82811,-0.54790,-0.33617,-0.58129,-0.53303,-0.21732,-0.40863,-0.45826
paul,L,0.00000,0.00000,0.00000,0.22766,-0.03931,-0.37853,0.42437,-0.15973,-0.60651,0.68649,-0.15463,-0.80860,0.89053,-0.03112,-1.00349,0.34335,-0.95638,-0.36913,0.27709,-1.47215,-0.58456,0.23300,-1.81179,-0.70799,0.21217,-2.10152,-0.78861,0.11647,-0.95114,-0.28595,-0.27875,-0.95887,-0.62641,-0.24348,-0.58012,-0.69460,-0.09844,-0.34486,-0.66025,-0.08788,-0.88533,-0.24143,-0.40287,-0.88363,-0.56239,-0.29670,-0.56747,-0.53985,-0.13780,-0.36284,-0.43533,-0.22510,-0.80918,-0.23390,-0.43412,-0.84446,-0.47469,-0.38341,-0.60484,-0.47341,-0.26542,-0.42821,-0.40155
paul,L,0.00000,0.00000,0.00000,0.17069,-0.03850,-0.45288,0.32665,-0.13136,-0.73428,0.57497,-0.10540,-0.97804,0.77001,0.03116,-1.21273,0.31038,-0.96057,-0.44080,0.22107,-1.46817,-0.66899,0.17273,-1.82086,-0.79533,0.14910,-2.10414,-0.87140,0.09234,-0.94274,-0.32048,-0.29639,-0.97423,-0.67296,-0.24620,-0.60800,-0.73294,-0.08334,-0.38792,-0.67711,-0.10078,-0.87813,-0.24375,-0.42375,-0.87192,-0.56392,-0.31579,-0.57714,-0.53671,-0.14333,-0.39578,-0.41925,-0.22616,-0.81256,-0.21093,-0.43830,-0.83733,-0.43665,-0.37242,-0.60867,-0.42735,-0.23309,-0.45030,-0.34607
paul,L,0.00000,0.00000,0.00000,0.15218,-0.03020,-0.47506,0.30127,-0.11494,-0.76832,0.52862,-0.10215,-1.02010,0.70315,0.02940,-1.26379,0.27890,-0.96199,-0.45316,0.18227,-1.46210,-0.68263,0.12547,-1.81280,-0.81127,0.09956,-2.09288,-0.88888,0.07228,-0.94375,-0.32266,-0.32171,-0.96970,-0.68506,-0.27860,-0.59550,-0.75268,-0.11948,-0.36179,-0.69650,-0.11353,-0.87783,-0.23696,-0.45265,-0.86586,-0.56646,-0.35266,-0.56431,-0.54564,-0.17798,-0.36914,-0.42700,-0.23307,-0.80815,-0.19624,-0.46880,-0.81845,-0.42744,-0.40725,-0.58801,-0.42277,-0.26041,-0.42201,-0.34158
paul,L,0.00000,0.00000,0.00000,0.10662,-0.02434,-0.54308,0.21640,-0.11310,-0.86954,0.40815,-0.11971,-1.13810,0.56209,0.00063,-1.39607,0.23629,-0.96097,-0.52787,0.10395,-1.45813,-0.76621,0.03838,-1.81015,-0.89658,0.01777,-2.09295,-0.97400,0.05945,-0.93282,-0.35541,-0.35565,-0.97727,-0.70969,-0.31730,-0.61208,-0.76444,-0.15098,-0.40588,-0.70162,-0.10224,-0.86929,-0.23144,-0.46583,-0.88064,-0.54594,-0.38114,-0.59062,-0.51470,-0.20603,-0.41634,-0.39606,-0.20493,-0.80620,-0.15837,-0.46469,-0.81584,-0.37913,-0.41281,-0.58947,-0.37274,-0.26201,-0.42605,-0.29394
paul,L,0.00000,0.00000,0.00000,0.08525,-0.03342,-0.55105,0.16575,-0.12419,-0.87110,0.31111,-0.13381,-1.12569,0.42431,-0.01289,-1.36652,0.21386,-0.95526,-0.54373,0.05224,-1.44110,-0.76587,-0.02544,-1.78744,-0.88112,-0.05491,-2.06355,-0.95008,0.04662,-0.93194,-0.35962,-0.40711,-0.97454,-0.68145,-0.36486,-0.62442,-0.71801,-0.17966,-0.43376,-0.65024,-0.10252,-0.86879,-0.22433,-0.47569,-0.86537,-0.51408,-0.37989,-0.60402,-0.48342,-0.19003,-0.46336,-0.37285,-0.19504,-0.81004,-0.14111,-0.44908,-0.81830,-0.34956,-0.39967,-0.60761,-0.34921,-0.25622,-0.45737,-0.27942
paul,L,0.00000,0.00000,0.00000,0.02136,-0.03545,-0.52756,0.06262,-0.12100,-0.84899,0.16062,-0.10410,-1.11014,0.24801,0.03736,-1.36288,0.14073,-0.95111,-0.54787,-0.02559,-1.45295,-0.76991,-0.10605,-1.79765,-0.88856,-0.13965,-2.08175,-0.96338,-0.01391,-0.92627,-0.37660,-0.46759,-0.98106,-0.70537,-0.43605,-0.62161,-0.75684,-0.25729,-0.42112,-0.70233,-0.15055,-0.86336,-0.24779,-0.53188,-0.88168,-0.53713,-0.44283,-0.60897,-0.51403,-0.25988,-0.45240,-0.41110,-0.24153,-0.80410,-0.16714,-0.51004,-0.82091,-0.37820,-0.46460,-0.59923,-0.37782,-0.32402,-0.44105,-0.30819
paul,L,0.00000,0.00000,0.00000,0.03677,0.00368,-0.58387,0.05584,-0.05354,-0.92567,0.05362,-0.01865,-1.19312,0.03412,0.09904,-1.45554,0.12025,-0.92517,-0.62191,-0.03884,-1.42725,-0.82890,-0.11184,-1.77591,-0.94164,-0.15508,-2.07074,-1.01389,-0.05423,-0.90810,-0.41522,-0.49992,-0.97682,-0.74540,-0.46578,-0.61668,-0.81757,-0.29841,-0.38697,-0.77966,-0.20395,-0.84836,-0.24708,-0.58300,-0.90994,-0.54396,-0.50905,-0.62248,-0.53785,-0.34774,-0.42634,-0.44175,-0.30979,-0.80225,-0.12662,-0.56896,-0.90244,-0.32928,-0.54441,-0.70783,-0.32849,-0.42521,-0.54612,-0.26061
paul,L,0.00000,0.00000,0.00000,0.04123,0.00092,-0.57535,0.06962,-0.05103,-0.91294,0.08677,-0.01009,-1.17891,0.08351,0.08306,-1.43910,0.13548,-0.91431,-0.62471,-0.01874,-1.43336,-0.85464,-0.09195,-1.78639,-0.97983,-0.12823,-2.08339,-1.05756,-0.04180,-0.90146,-0.43083,-0.50492,-0.97941,-0.78063,-0.46834,-0.60723,-0.85661,-0.29355,-0.36965,-0.81664,-0.19084,-0.85170,-0.27777,-0.58319,-0.90879,-0.59012,-0.49177,-0.61311,-0.58394,-0.31786,-0.41093,-0.48514,-0.28870,-0.80732,-0.17289,-0.55796,-0.87923,-0.39284,-0.52673,-0.67285,-0.39768,-0.40647,-0.50354,-0.33039
paul,L,0.00000,0.00000,0.00000,0.03523,0.00920,-0.57140,0.06165,-0.03404,-0.91806,0.07653,0.00996,-1.19432,0.06125,0.10983,-1.46627,0.16109,-0.88538,-0.64822,0.01124,-1.41196,-0.88663,-0.05941,-1.76394,-1.01373,-0.09894,-2.06318,-1.09365,-0.01429,-0.88849,-0.45867,-0.49521,-0.98486,-0.82137,-0.46649,-0.60804,-0.89770,-0.29586,-0.36725,-0.85666,-0.16340,-0.85068,-0.30746,-0.56802,-0.91326,-0.62870,-0.48039,-0.61541,-0.61561,-0.31010,-0.41605,-0.51146,-0.26127,-0.81625,-0.20327,-0.54143,-0.88985,-0.43007,-0.50831,-0.66641,-0.42923,-0.38343,-0.48960,-0.35670
paul,L,0.00000,0.00000,0.00000,0.04679,-0.03192,-0.56639,0.09754,-0.09885,-0.89287,0.15034,-0.06653,-1.14990,0.18150,0.04296,-1.39904,0.21881,-0.92109,-0.58687,0.09166,-1.44369,-0.82363,0.02922,-1.79896,-0.95339,0.00578,-2.09986,-1.03284,0.04806,-0.91621,-0.39780,-0.43389,-1.00430,-0.74982,-0.41313,-0.63898,-0.82681,-0.24883,-0.40033,-0.78422,-0.10215,-0.88041,-0.25276,-0.50480,-0.92549,-0.57151,-0.41206,-0.63151,-0.57256,-0.25053,-0.43542,-0.47428,-0.19972,-0.84368,-0.15640,-0.46802,-0.88834,-0.38355,-0.42362,-0.66584,-0.39574,-0.30885,-0.49234,-0.32985
paul,L,0.00000,0.00000,0.00000,0.11597,-0.00013,-0.50629,0.22806,-0.08671,-0.79676,0.41299,-0.05130,-1.03483,0.56897,0.09095,-1.26167,0.30886,-0.95461,-0.48947,0.22402,-1.47452,-0.70172,0.17955,-1.83154,-0.81578,0.16917,-2.12277,-0.88565,0.12648,-0.93560,-0.32964,-0.29656,-1.02886,-0.66532,-0.27911,-0.66531,-0.72084,-0.11843,-0.43218,-0.66142,-0.02709,-0.87689,-0.21457,-0.38816,-0.93913,-0.52353,-0.32094,-0.65023,-0.50061,-0.15457,-0.47043,-0.38406,-0.11931,-0.82201,-0.14582,-0.36145,-0.91636,-0.36265,-0.34364,-0.69898,-0.35483,-0.22488,-0.52707,-0.27370
paul,L,0.00000,0.00000,0.00000,0.19005,-0.04607,-0.44649,0.37770,-0.14400,-0.71161,0.62516,-0.12091,-0.93875,0.80976,0.02226,-1.15849,0.38650,-0.96657,-0.41406,0.33843,-1.46467,-0.62554,0.31100,-1.80973,-0.74438,0.29834,-2.08202,-0.81823,0.16087,-0.94224,-0.29378,-0.22017,-1.06374,-0.64683,-0.20540,-0.68364,-0.71980,-0.07934,-0.40611,-0.67005,-0.03540,-0.87766,-0.21558,-0.34942,-0.95951,-0.54462,-0.26681,-0.63340,-0.53217,-0.12293,-0.40000,-0.41822,-0.16561,-0.80233,-0.17893,-0.37857,-0.88889,-0.41147,-0.34374,-0.66654,-0.41417,-0.23538,-0.49278,-0.34068
paul,L,0.00000,0.00000,0.00000,0.34537,-0.03283,-0.26207,0.66183,-0.19729,-0.41780,0.96347,-0.21087,-0.56762,1.17329,-0.08826,-0.72389,0.52830,-0.93810,-0.24554,0.56463,-1.43306,-0.42424,0.57844,-1.75175,-0.54506,0.58374,-2.01496,-0.63429,0.29051,-0.93186,-0.21735,0.00549,-1.10035,-0.55543,-0.02136,-0.73924,-0.65982,0.02872,-0.45006,-0.64990,0.06929,-0.87569,-0.21456,-0.17302,-1.01424,-0.53051,-0.11016,-0.67024,-0.52932,-0.01272,-0.41146,-0.43683,-0.10307,-0.78516,-0.23522,-0.27601,-0.92198,-0.46381,-0.23845,-0.69670,-0.46246,-0.14309,-0.52159,-0.39624
paul,L,0.00000,0.00000,0.00000,0.36932,-0.04025,-0.22557,0.71638,-0.22929,-0.34581,1.03176,-0.25415,-0.46094,1.24606,-0.13746,-0.58312,0.55115,-0.93202,-0.20039,0.60174,-1.40696,-0.35423,0.62106,-1.71819,-0.45687,0.62781,-1.97075,-0.53613,0.30797,-0.93368,-0.18277,0.05447,-1.11636,-0.49456,0.01906,-0.75437,-0.58613,0.05741,-0.45700,-0.57261,0.08031,-0.88469,-0.18814,-0.14220,-1.00982,-0.48635,-0.09378,-0.67778,-0.48475,-0.01082,-0.43282,-0.39830,-0.11074,-0.80119,-0.21300,-0.26032,-0.92959,-0.43067,-0.22302,-0.68848,-0.42677,-0.13304,-0.50492,-0.36317
paul,L,0.00000,0.00000,0.00000,0.39547,-0.03248,-0.23756,0.78616,-0.22247,-0.36246,1.13769,-0.26603,-0.47988,1.37724,-0.14939,-0.60460,0.60211,-0.91586,-0.21275,0.68466,-1.38838,-0.37742,0.72166,-1.70128,-0.48366,0.73769,-1.95133,-0.56238,0.33491,-0.92182,-0.19516,0.14612,-1.12832,-0.51978,0.09649,-0.76767,-0.61092,0.11692,-0.47401,-0.59174,0.08747,-0.87347,-0.20202,-0.08396,-0.97783,-0.51475,-0.04814,-0.64212,-0.51021,0.02840,-0.41327,-0.41519,-0.12681,-0.79114,-0.22842,-0.22884,-0.91231,-0.44109,-0.18525,-0.66242,-0.42375,-0.09387,-0.48747,-0.34991
paul,L,0.00000,0.00000,0.00000,0.40811,-0.03740,-0.25198,0.82786,-0.22673,-0.38025,1.19437,-0.28404,-0.49491,1.44314,-0.19594,-0.61488,0.60898,-0.90363,-0.24697,0.70330,-1.38734,-0.42139,0.74313,-1.69968,-0.52834,0.75929,-1.94975,-0.60731,0.33067,-0.91641,-0.22552,0.18724,-1.13295,-0.55780,0.12286,-0.76062,-0.63772,0.13231,-0.47656,-0.61017,0.06630,-0.86901,-0.22987,-0.08294,-0.97157,-0.54368,-0.05705,-0.63312,-0.52297,0.02063,-0.42536,-0.41937,-0.17029,-0.79073,-0.25521,-0.26825,-0.90406,-0.46541,-0.21492,-0.65316,-0.43910,-0.11265,-0.49578,-0.36106
paul,L,0.00000,0.00000,0.00000,0.43891,-0.05034,-0.24243,0.86245,-0.27209,-0.36074,1.23684,-0.36207,-0.46765,1.49537,-0.31384,-0.57852,0.60405,-0.92330,-0.24424,0.68376,-1.42219,-0.42238,0.70931,-1.74433,-0.53076,0.71297,-1.99833,-0.60927,0.29329,-0.92742,-0.23211,0.21380,-1.15552,-0.57809,0.17952,-0.76099,-0.65974,0.18617,-0.45144,-0.62808,0.00951,-0.86386,-0.24442,-0.06803,-0.96666,-0.56529,-0.02411,-0.60341,-0.53610,0.02944,-0.37539,-0.42474,-0.24807,-0.77070,-0.27750,-0.28855,-0.87350,-0.49133,-0.22430,-0.60099,-0.45803,-0.14455,-0.43043,-0.37435
paul,L,0.00000,0.00000,0.00000,0.43773,-0.05569,-0.21244,0.85907,-0.32659,-0.31663,1.21941,-0.47305,-0.41543,1.48147,-0.44590,-0.51847,0.58246,-0.93811,-0.22985,0.64117,-1.45269,-0.41387,0.64232,-1.78230,-0.52505,0.63325,-2.04603,-0.60471,0.27162,-0.93370,-0.23331,0.26466,-1.15357,-0.58239,0.24539,-0.74640,-0.65932,0.24946,-0.44196,-0.62571,-0.02112,-0.86570,-0.25809,-0.01567,-0.98057,-0.58471,0.02722,-0.59421,-0.53642,0.05917,-0.34503,-0.41158,-0.30124,-0.76707,-0.30097,-0.27848,-0.87177,-0.51911,-0.20495,-0.59496,-0.47356,-0.15217,-0.41513,-0.38039
paul,L,0.00000,0.00000,0.00000,0.40329,-0.05832,-0.19823,0.78499,-0.32560,-0.30082,1.10356,-0.49100,-0.39867,1.34976,-0.48820,-0.49501,0.51891,-0.93599,-0.24361,0.55958,-1.42723,-0.42875,0.54675,-1.73286,-0.52978,0.53270,-1.97981,-0.59784,0.22387,-0.94178,-0.25088,0.31886,-1.09167,-0.58708,0.32249,-0.71078,-0.64822,0.31228,-0.42794,-0.60630,-0.05636,-0.88473,-0.27765,0.04480,-0.89962,-0.58588,0.08867,-0.53211,-0.53265,0.10012,-0.30006,-0.40896,-0.32838,-0.79286,-0.32322,-0.22585,-0.79058,-0.51976,-0.14587,-0.53301,-0.47706,-0.11067,-0.37333,-0.38903
paul,L,0.00000,0.00000,0.00000,0.34013,-0.08039,-0.15222,0.65139,-0.34737,-0.24487,0.89856,-0.51651,-0.33832,1.12031,-0.54429,-0.42953,0.41420,-0.92141,-0.21731,0.45376,-1.33017,-0.38867,0.44393,-1.61078,-0.47753,0.43519,-1.84334,-0.53568,0.15681,-0.95916,-0.23544,0.35671,-0.99181,-0.52957,0.35736,-0.64959,-0.56966,0.32029,-0.39743,-0.52261,-0.08609,-0.90936,-0.26896,0.13123,-0.79232,-0.53815,0.13775,-0.46835,-0.48681,0.11422,-0.27246,-0.37582,-0.31765,-0.81115,-0.31841,-0.12848,-0.69488,-0.48462,-0.06939,-0.45772,-0.44939,-0.04916,-0.32222,-0.37396
paul,L,0.00000,0.00000,0.00000,0.29044,-0.10112,-0.13135,0.53188,-0.33886,-0.24800,0.71453,-0.51605,-0.37352,0.91418,-0.59539,-0.49702,0.29716,-0.94286,-0.20512,0.35741,-1.33571,-0.38469,0.36005,-1.60998,-0.48749,0.34799,-1.84771,-0.55540,0.06831,-0.96904,-0.23727,0.35913,-0.97655,-0.51790,0.38472,-0.63584,-0.56034,0.32548,-0.41093,-0.52500,-0.13637,-0.90379,-0.28251,0.18059,-0.79559,-0.54253,0.18271,-0.47615,-0.48330,0.12562,-0.29054,-0.37396,-0.32659,-0.78631,-0.34176,-0.05702,-0.70918,-0.50417,-0.00669,-0.47082,-0.45623,-0.02433,-0.32712,-0.37381
paul,L,0.00000,0.00000,0.00000,0.29088,-0.13939,-0.09607,0.48029,-0.38706,-0.19675,0.61308,-0.55647,-0.31384,0.78669,-0.62791,-0.43104,0.21985,-0.96126,-0.16241,0.28383,-1.34132,-0.32686,0.29887,-1.60282,-0.42165,0.29935,-1.83394,-0.48717,0.01535,-0.97810,-0.20759,0.37377,-0.98343,-0.46831,0.39980,-0.64554,-0.50841,0.32066,-0.42870,-0.47570,-0.15402,-0.90580,-0.26343,0.22899,-0.81235,-0.50621,0.22755,-0.49971,-0.45217,0.15619,-0.33020,-0.35110,-0.30218,-0.78074,-0.32975,0.00225,-0.70587,-0.47767,0.04112,-0.47470,-0.43016,0.00568,-0.34561,-0.35270
paul,L,0.00000,0.00000,0.00000,0.29952,-0.17137,-0.07622,0.45995,-0.39970,-0.17160,0.54723,-0.57179,-0.28873,0.65528,-0.64981,-0.40283,0.16899,-0.97478,-0.12685,0.25120,-1.33014,-0.27736,0.27150,-1.58149,-0.37271,0.27658,-1.80612,-0.44109,-0.01917,-0.98315,-0.18177,0.39566,-0.98385,-0.42086,0.43548,-0.68238,-0.47054,0.36552,-0.47760,-0.45186,-0.14883,-0.90124,-0.24530,0.28677,-0.81584,-0.46563,0.29052,-0.52394,-0.41969,0.22724,-0.35492,-0.33071,-0.23769,-0.76969,-0.31921,0.09966,-0.71370,-0.44793,0.13125,-0.50938,-0.40024,0.09103,-0.38232,-0.32706
paul,L,0.00000,0.00000,0.00000,0.32851,-0.20730,-0.04647,0.47122,-0.44271,-0.12823,0.53806,-0.60918,-0.23679,0.56697,-0.70159,-0.33943,0.15008,-0.98782,-0.08271,0.25396,-1.32172,-0.21849,0.27833,-1.57595,-0.30713,0.27823,-1.79567,-0.37342,-0.01400,-0.98831,-0.15184,0.44876,-0.99678,-0.37242,0.49842,-0.71350,-0.41821,0.41898,-0.52104,-0.40118,-0.11097,-0.90498,-0.22866,0.36385,-0.82927,-0.42915,0.36850,-0.55138,-0.38143,0.28825,-0.39239,-0.29825,-0.15904,-0.77390,-0.31490,0.20158,-0.70893,-0.43027,0.22912,-0.50782,-0.38229,0.17290,-0.38697,-0.31398
paul,L,0.00000,0.00000,0.00000,0.36271,-0.22998,-0.04493,0.48976,-0.48627,-0.11460,0.53120,-0.68077,-0.21000,0.54412,-0.82113,-0.29791,0.14442,-0.99725,-0.06963,0.25909,-1.32466,-0.20123,0.28551,-1.57604,-0.28589,0.28340,-1.79310,-0.34974,-0.00687,-0.99034,-0.13852,0.49285,-1.01020,-0.35382,0.53883,-0.73548,-0.39885,0.44212,-0.56548,-0.38322,-0.08173,-0.89959,-0.21669,0.42434,-0.83765,-0.41816,0.42279,-0.56951,-0.37562,0.31873,-0.43222,-0.29881,-0.10373,-0.76594,-0.30386,0.28671,-0.70815,-0.42248,0.30881,-0.50630,-0.37852,0.23419,-0.39354,-0.31523
paul,L,0.00000,0.00000,0.00000,0.34843,-0.26756,-0.02815,0.42168,-0.56766,-0.07647,0.40522,-0.79680,-0.15027,0.39072,-0.98548,-0.21679,0.11507,-1.00574,-0.06176,0.22430,-1.32272,-0.18739,0.24809,-1.56296,-0.26220,0.24573,-1.77310,-0.31806,-0.02480,-0.99096,-0.13183,0.49289,-1.02109,-0.34089,0.53618,-0.76023,-0.37469,0.43855,-0.60074,-0.35075,-0.07676,-0.89240,-0.21069,0.44500,-0.82574,-0.40508,0.43516,-0.57161,-0.36147,0.32707,-0.45242,-0.28607,-0.07441,-0.75545,-0.29742,0.33393,-0.69751,-0.41264,0.34429,-0.49939,-0.37287,0.26550,-0.40079,-0.31478
paul,L,0.00000,0.00000,0.00000,0.35140,-0.29450,-0.01415,0.40444,-0.60039,-0.05181,0.38491,-0.83210,-0.11807,0.36568,-1.01335,-0.17873,0.08242,-1.00679,-0.04200,0.19277,-1.31865,-0.16024,0.21511,-1.55952,-0.22914,0.21629,-1.76657,-0.27954,-0.04006,-0.99283,-0.11258,0.49967,-1.01779,-0.31709,0.53635,-0.75323,-0.34595,0.43948,-0.58457,-0.31531,-0.06890,-0.89758,-0.19146,0.47932,-0.81838,-0.37799,0.46144,-0.56603,-0.33993,0.35594,-0.43929,-0.26670,-0.04174,-0.76496,-0.27762,0.37303,-0.68923,-0.38562,0.38711,-0.49187,-0.35318,0.32792,-0.39020,-0.29978
paul,L,0.00000,0.00000,0.00000,0.34134,-0.32060,0.00535,0.38182,-0.62786,-0.02885,0.36331,-0.85713,-0.09687,0.35332,-1.02628,-0.16132,0.06279,-1.01087,-0.02203,0.18943,-1.32322,-0.13618,0.22449,-1.56172,-0.20048,0.24126,-1.76647,-0.24659,-0.03847,-0.99428,-0.09966,0.52268,-1.02008,-0.29836,0.54259,-0.75401,-0.32028,0.43295,-0.59029,-0.28483,-0.04349,-0.90033,-0.18465,0.51867,-0.82310,-0.35807,0.48402,-0.57712,-0.31556,0.36968,-0.45551,-0.24246,0.00253,-0.77049,-0.27628,0.42536,-0.68570,-0.36882,0.42635,-0.49169,-0.33407,0.35857,-0.39870,-0.28216
paul,L,0.00000,0.00000,0.00000,0.32746,-0.32205,-0.00040,0.35308,-0.63878,-0.04063,0.33125,-0.86759,-0.11245,0.32566,-1.02120,-0.17945,0.03804,-1.02048,-0.03030,0.18356,-1.33684,-0.14595,0.21278,-1.57318,-0.21228,0.22063,-1.78158,-0.26283,-0.04591,-0.99326,-0.10646,0.53021,-1.02168,-0.29548,0.52801,-0.77339,-0.31380,0.39912,-0.65545,-0.28525,-0.03201,-0.89088,-0.19058,0.53461,-0.83467,-0.34960,0.48395,-0.61137,-0.30219,0.35432,-0.53461,-0.23800,0.03567,-0.75651,-0.28262,0.47243,-0.68013,-0.36176,0.45008,-0.49989,-0.32389,0.35306,-0.43806,-0.27859
paul,L,0.00000,0.00000,0.00000,0.30071,-0.32516,0.00699,0.31018,-0.64388,-0.03633,0.29717,-0.86731,-0.11236,0.29952,-1.01482,-0.18171,-0.04095,-1.01297,-0.02499,0.13277,-1.34663,-0.12889,0.16960,-1.59233,-0.19694,0.17231,-1.80666,-0.25432,-0.10128,-0.98957,-0.10247,0.48880,-1.04296,-0.26475,0.50046,-0.83197,-0.28762,0.36833,-0.75207,-0.27874,-0.05398,-0.89467,-0.18546,0.51884,-0.88448,-0.31013,0.48723,-0.69621,-0.26431,0.34948,-0.64719,-0.21920,0.05106,-0.77431,-0.27670,0.50102,-0.73980,-0.33092,0.47568,-0.58796,-0.29222,0.35158,-0.54494,-0.25802
paul,L,0.00000,0.00000,0.00000,0.13429,-0.30520,-0.01432,0.14802,-0.62914,-0.06825,0.20165,-0.84939,-0.14664,0.26343,-0.97233,-0.21671,-0.12539,-0.98959,-0.05041,0.04493,-1.34602,-0.14602,0.08566,-1.59843,-0.21001,0.08961,-1.81676,-0.26701,-0.13019,-0.98463,-0.11639,0.44002,-1.05105,-0.26088,0.45887,-0.85644,-0.28635,0.33062,-0.78375,-0.28855,-0.03789,-0.90058,-0.18641,0.50950,-0.90566,-0.29724,0.47770,-0.73035,-0.25809,0.33768,-0.68934,-0.22516,0.10358,-0.78588,-0.26557,0.53377,-0.76366,-0.31360,0.49335,-0.61302,-0.27644,0.35978,-0.56544,-0.24620
paul,L,0.00000,0.00000,0.00000,-0.06278,-0.32530,0.02553,-0.07562,-0.67190,-0.02406,0.04638,-0.87759,-0.10198,0.19323,-0.97355,-0.17660,-0.20651,-0.98061,-0.05466,-0.07040,-1.37420,-0.13444,-0.04191,-1.63642,-0.18459,-0.04372,-1.85047,-0.23099,-0.14115,-0.98047,-0.13694,0.36926,-1.08640,-0.24759,0.40672,-0.90131,-0.26530,0.29201,-0.82617,-0.26827,0.00698,-0.90523,-0.21401,0.48211,-0.94098,-0.28720,0.46575,-0.76819,-0.23648,0.34120,-0.71873,-0.20321,0.18210,-0.79674,-0.29642,0.54748,-0.80305,-0.31159,0.51808,-0.64853,-0.25145,0.40564,-0.58893,-0.20699
paul,L,0.00000,0.00000,0.00000,-0.13719,-0.22312,0.01809,-0.26068,-0.45914,-0.05703,-0.36690,-0.57003,-0.15564,-0.48987,-0.58737,-0.25658,-0.30717,-0.94921,-0.13004,-0.18815,-1.36869,-0.21495,-0.16396,-1.63548,-0.26878,-0.17021,-1.85264,-0.31956,-0.18842,-0.95808,-0.21584,0.27032,-1.07231,-0.31802,0.31061,-0.88542,-0.32798,0.20078,-0.79926,-0.33703,0.00214,-0.88954,-0.29271,0.42149,-0.93871,-0.35675,0.41394,-0.77076,-0.29426,0.29389,-0.70418,-0.26383,0.20629,-0.79065,-0.37492,0.52981,-0.81172,-0.38779,0.50247,-0.64756,-0.32060,0.38720,-0.57272,-0.27681
paul,L,0.00000,0.00000,0.00000,-0.20359,-0.15796,0.03209,-0.38133,-0.38965,-0.04248,-0.54802,-0.53077,-0.14072,-0.74046,-0.52348,-0.24675,-0.41296,-0.91447,-0.16851,-0.31652,-1.39523,-0.26213,-0.29677,-1.68803,-0.31914,-0.28992,-1.91820,-0.36962,-0.24391,-0.93544,-0.25584,0.16551,-1.08977,-0.36894,0.21030,-0.88397,-0.37478,0.12501,-0.75307,-0.37782,-0.00763,-0.87867,-0.32817,0.34512,-0.96014,-0.40473,0.34897,-0.77305,-0.33269,0.25671,-0.66027,-0.29078,0.23080,-0.80596,-0.40096,0.49322,-0.85301,-0.42029,0.48636,-0.67424,-0.34161,0.40328,-0.56943,-0.28535
paul,L,0.00000,0.00000,0.00000,-0.23809,-0.10522,-0.00261,-0.45756,-0.31058,-0.09644,-0.64949,-0.47406,-0.20408,-0.86530,-0.49504,-0.32074,-0.43011,-0.87489,-0.23061,-0.33618,-1.36210,-0.33826,-0.32128,-1.66530,-0.40619,-0.31952,-1.89308,-0.46175,-0.23319,-0.92667,-0.29480,0.11936,-1.05326,-0.39821,0.16661,-0.85648,-0.38904,0.09907,-0.71286,-0.38583,0.02053,-0.87125,-0.34518,0.29676,-0.92880,-0.43933,0.32244,-0.74599,-0.36681,0.25555,-0.60882,-0.32054,0.27004,-0.79912,-0.39426,0.47161,-0.81197,-0.43862,0.48023,-0.63256,-0.36050,0.41809,-0.50778,-0.29832
paul,L,0.00000,0.00000,0.00000,-0.27315,-0.08965,-0.01388,-0.52439,-0.29201,-0.11421,-0.74939,-0.45444,-0.22806,-0.97811,-0.46288,-0.35375,-0.43692,-0.84805,-0.24578,-0.37121,-1.34537,-0.37451,-0.36661,-1.65845,-0.46265,-0.37090,-1.90259,-0.53293,-0.24104,-0.92103,-0.30596,0.07758,-1.03515,-0.41499,0.11189,-0.83668,-0.40428,0.03933,-0.69807,-0.40215,0.01376,-0.87727,-0.35568,0.26443,-0.91086,-0.44968,0.27680,-0.73704,-0.37527,0.20665,-0.60707,-0.33170,0.26845,-0.81191,-0.40657,0.47088,-0.79193,-0.45409,0.46441,-0.61242,-0.37888,0.39473,-0.49442,-0.32045
paul,L,0.00000,0.00000,0.00000,-0.32310,-0.08106,0.00020,-0.57910,-0.27778,-0.09841,-0.81592,-0.44674,-0.21084,-1.05187,-0.44912,-0.34065,-0.42882,-0.84026,-0.24710,-0.38644,-1.33175,-0.36590,-0.38073,-1.64872,-0.45537,-0.38538,-1.89272,-0.52764,-0.20416,-0.93196,-0.29963,-0.01106,-0.97786,-0.36764,0.00117,-0.79751,-0.33573,-0.04538,-0.67201,-0.33011,0.05581,-0.87558,-0.33941,0.17280,-0.84642,-0.39215,0.16738,-0.70133,-0.31652,0.12190,-0.58141,-0.28421,0.30284,-0.79686,-0.37840,0.39704,-0.72558,-0.39139,0.37249,-0.57577,-0.31199,0.31915,-0.47444,-0.25806
paul,L,0.00000,0.00000,0.00000,-0.34261,-0.08405,0.01189,-0.61168,-0.27851,-0.07870,-0.85582,-0.44906,-0.18453,-1.09363,-0.45978,-0.30682,-0.42027,-0.84603,-0.22683,-0.38810,-1.32349,-0.32695,-0.38099,-1.63167,-0.40062,-0.38181,-1.86644,-0.46044,-0.18902,-0.94240,-0.27596,-0.02996,-0.96177,-0.32284,-0.02018,-0.80373,-0.28701,-0.05396,-0.68424,-0.28035,0.07290,-0.87831,-0.31081,0.14345,-0.81698,-0.34767,0.14350,-0.69744,-0.28435,0.11053,-0.58778,-0.26088,0.32587,-0.79489,-0.34226,0.37727,-0.71972,-0.33646,0.35284,-0.59692,-0.25884,0.30627,-0.50270,-0.20820
paul,L,0.00000,0.00000,0.00000,-0.34819,-0.08553,-0.00361,-0.60608,-0.27821,-0.10282,-0.85480,-0.44895,-0.21568,-1.09716,-0.45600,-0.34528,-0.38935,-0.84625,-0.23280,-0.35881,-1.32202,-0.33735,-0.35343,-1.63459,-0.41828,-0.35838,-1.86927,-0.48238,-0.14742,-0.95067,-0.27294,-0.03534,-0.91867,-0.32436,-0.03214,-0.76710,-0.29871,-0.06067,-0.65402,-0.29724,0.11276,-0.88135,-0.29961,0.14242,-0.78489,-0.34219,0.14263,-0.67110,-0.28865,0.11684,-0.56595,-0.26768,0.35860,-0.79046,-0.32350,0.38243,-0.69305,-0.32015,0.35934,-0.57998,-0.24510,0.32073,-0.49328,-0.19290
paul,L,0.00000,0.00000,0.00000,-0.36252,-0.09056,-0.00697,-0.62539,-0.29267,-0.10429,-0.88612,-0.45713,-0.21424,-1.13189,-0.45222,-0.34087,-0.38316,-0.85888,-0.21495,-0.35228,-1.32941,-0.31087,-0.34688,-1.64010,-0.38515,-0.34560,-1.87057,-0.44373,-0.12989,-0.96015,-0.24749,-0.05300,-0.92152,-0.28994,-0.05426,-0.77330,-0.26021,-0.07016,-0.66078,-0.25438,0.12684,-0.88833,-0.26786,0.12858,-0.79212,-0.30164,0.12594,-0.67770,-0.24817,0.10771,-0.56935,-0.22626,0.36151,-0.79396,-0.28577,0.35919,-0.69653,-0.27480,0.33648,-0.58383,-0.19879,0.30389,-0.49479,-0.14551
paul,L,0.00000,0.00000,0.00000,-0.36959,-0.08253,0.00677,-0.63271,-0.28090,-0.08657,-0.89520,-0.44568,-0.19451,-1.14414,-0.43374,-0.32039,-0.38420,-0.85978,-0.20301,-0.33964,-1.32633,-0.28614,-0.32697,-1.63386,-0.35070,-0.32317,-1.85618,-0.40185,-0.12693,-0.96372,-0.23479,-0.05899,-0.90399,-0.26038,-0.05951,-0.75554,-0.22183,-0.07488,-0.64404,-0.21226,0.13136,-0.88765,-0.25231,0.11588,-0.77697,-0.27108,0.11346,-0.66078,-0.21670,0.09339,-0.55185,-0.19666,0.36588,-0.79091,-0.26544,0.34917,-0.68860,-0.24057,0.33081,-0.57992,-0.16046,0.29911,-0.49070,-0.10607
paul,L,0.00000,0.00000,0.00000,-0.37226,-0.08536,0.01500,-0.62638,-0.28596,-0.07652,-0.88825,-0.44458,-0.18376,-1.13455,-0.43446,-0.31019,-0.37892,-0.86681,-0.19357,-0.32889,-1.32812,-0.27430,-0.30995,-1.63289,-0.33837,-0.29812,-1.85389,-0.38913,-0.11875,-0.96669,-0.22675,-0.05617,-0.90168,-0.24562,-0.05722,-0.75062,-0.20261,-0.07040,-0.63888,-0.19153,0.13746,-0.88826,-0.24555,0.11877,-0.77668,-0.25517,0.11455,-0.65802,-0.19702,0.09443,-0.54988,-0.17727,0.36380,-0.78909,-0.25983,0.34712,-0.68390,-0.22785,0.32381,-0.57312,-0.14676,0.29044,-0.48404,-0.09351
paul,L,0.00000,0.00000,0.00000,-0.36772,-0.08581,0.01497,-0.62214,-0.28290,-0.07975,-0.87808,-0.44693,-0.18985,-1.12268,-0.43822,-0.31913,-0.36846,-0.86507,-0.20549,-0.31738,-1.32912,-0.29164,-0.29501,-1.63486,-0.35963,-0.28057,-1.85649,-0.41257,-0.10658,-0.96525,-0.23861,-0.04010,-0.90685,-0.26114,-0.04330,-0.75715,-0.21781,-0.05994,-0.64543,-0.20599,0.14929,-0.88475,-0.25663,0.13185,-0.77423,-0.27135,0.12610,-0.65701,-0.21354,0.10319,-0.54666,-0.19286,0.37754,-0.78499,-0.26931,0.35946,-0.67687,-0.24182,0.33594,-0.56512,-0.16053,0.29922,-0.47412,-0.10633
paul,L,0.00000,0.00000,0.00000,-0.36871,-0.08223,0.01790,-0.61591,-0.27671,-0.07541,-0.85741,-0.44555,-0.18443,-1.09708,-0.43978,-0.31262,-0.36101,-0.86044,-0.21220,-0.30361,-1.32859,-0.30229,-0.27373,-1.63764,-0.37614,-0.25283,-1.86412,-0.43364,-0.09969,-0.96366,-0.24783,-0.01582,-0.88295,-0.26915,-0.01807,-0.72943,-0.22683,-0.04158,-0.62011,-0.21796,0.16054,-0.88122,-0.26762,0.15230,-0.75586,-0.28085,0.14835,-0.63869,-0.22096,0.12191,-0.53246,-0.20054,0.39391,-0.77799,-0.28224,0.38347,-0.66000,-0.25087,0.35930,-0.54818,-0.16480,0.31929,-0.46061,-0.10813
paul,L,0.00000,0.00000,0.00000,-0.31124,-0.09128,-0.01007,-0.51983,-0.28295,-0.11338,-0.72924,-0.43097,-0.23125,-0.95490,-0.43723,-0.36625,-0.33939,-0.87584,-0.22646,-0.26015,-1.33301,-0.33378,-0.22268,-1.63497,-0.42238,-0.20093,-1.86339,-0.49461,-0.10526,-0.95595,-0.27401,0.04094,-0.90822,-0.33944,0.04000,-0.74066,-0.33048,-0.00938,-0.63786,-0.33994,0.14917,-0.87472,-0.30936,0.20599,-0.78372,-0.35791,0.20000,-0.64314,-0.30281,0.15404,-0.54200,-0.28144,0.38349,-0.76977,-0.34580,0.43471,-0.66896,-0.35069,0.40461,-0.53109,-0.27837,0.35322,-0.44241,-0.22731
paul,L,0.00000,0.00000,0.00000,-0.15599,-0.16778,0.03662,-0.26668,-0.36839,-0.04185,-0.41030,-0.45953,-0.14663,-0.58022,-0.43745,-0.26090,-0.23810,-0.94050,-0.13079,-0.10732,-1.36202,-0.21268,-0.05125,-1.63341,-0.27426,-0.03027,-1.84044,-0.33091,-0.06876,-0.97311,-0.21984,0.28359,-1.02097,-0.29642,0.31198,-0.83926,-0.30153,0.21787,-0.73821,-0.31386,0.14719,-0.90199,-0.29673,0.43674,-0.88529,-0.34377,0.43648,-0.72184,-0.28145,0.33920,-0.63059,-0.25444,0.36066,-0.80049,-0.37647,0.58661,-0.74507,-0.38394,0.56777,-0.58388,-0.31534,0.48085,-0.49241,-0.26815
paul,L,0.00000,0.00000,0.00000,-0.13330,-0.22451,0.06877,-0.20437,-0.43105,0.00771,-0.28930,-0.48312,-0.09031,-0.40543,-0.46690,-0.19811,-0.17165,-0.96202,-0.06500,-0.01611,-1.36202,-0.13457,0.04043,-1.61958,-0.18749,0.06107,-1.83188,-0.24201,-0.04539,-0.98357,-0.17471,0.36810,-1.04321,-0.25799,0.38758,-0.85426,-0.27162,0.28447,-0.77025,-0.28749,0.13073,-0.91328,-0.27272,0.50433,-0.89996,-0.30765,0.48115,-0.72708,-0.24578,0.36482,-0.66595,-0.22451,0.31687,-0.81031,-0.37457,0.60946,-0.75486,-0.36732,0.56742,-0.59137,-0.30140,0.45447,-0.53201,-0.26354
paul,L,0.00000,0.00000,0.00000,-0.07790,-0.32072,0.03911,-0.04995,-0.63791,-0.00417,0.11326,-0.81397,-0.08226,0.26678,-0.89548,-0.15835,-0.13029,-0.97273,-0.01909,0.04293,-1.33951,-0.09535,0.08843,-1.59556,-0.14496,0.09947,-1.81528,-0.19491,-0.05641,-0.99226,-0.11064,0.44501,-1.04443,-0.23318,0.46096,-0.84861,-0.25971,0.33735,-0.77759,-0.26493,0.08291,-0.92318,-0.19827,0.56205,-0.90174,-0.28497,0.52962,-0.71819,-0.24684,0.39537,-0.68454,-0.21939,0.24849,-0.81564,-0.29002,0.62001,-0.74522,-0.31166,0.55591,-0.58101,-0.26408,0.41720,-0.54310,-0.22993
paul,L,0.00000,0.00000,0.00000,0.05424,-0.30012,0.02223,0.08929,-0.61538,-0.01816,0.21432,-0.79861,-0.09099,0.33380,-0.90280,-0.15823,-0.08246,-0.97300,0.00455,0.09311,-1.29428,-0.07438,0.13725,-1.53326,-0.13151,0.14385,-1.74618,-0.18714,-0.06641,-0.99479,-0.07737,0.46786,-1.01739,-0.20768,0.48383,-0.81467,-0.23890,0.35591,-0.74266,-0.24508,0.02755,-0.92899,-0.16079,0.53956,-0.88979,-0.25718,0.50166,-0.70023,-0.22531,0.35809,-0.66330,-0.19814,0.16445,-0.82676,-0.25024,0.56398,-0.75702,-0.28262,0.50920,-0.59109,-0.24392,0.37292,-0.55086,-0.21422
paul,L,0.00000,0.00000,0.00000,0.16007,-0.31250,0.03706,0.18587,-0.63089,0.00994,0.22954,-0.83020,-0.05228,0.28042,-0.96051,-0.10863,-0.04041,-0.98689,0.02097,0.16210,-1.27988,-0.05660,0.20764,-1.50038,-0.11190,0.21326,-1.70544,-0.16509,-0.06426,-0.99589,-0.06376,0.49147,-0.99322,-0.19340,0.49747,-0.78147,-0.21589,0.36559,-0.70221,-0.21648,-0.00423,-0.92153,-0.15063,0.53316,-0.86849,-0.25074,0.49002,-0.67158,-0.21330,0.34522,-0.62094,-0.18056,0.10257,-0.81244,-0.24198,0.52690,-0.74413,-0.28038,0.47978,-0.57829,-0.24387,0.34153,-0.53066,-0.21493
paul,L,0.00000,0.00000,0.00000,0.31694,-0.28001,0.03954,0.37123,-0.56791,0.02804,0.37402,-0.77945,-0.02296,0.37498,-0.94201,-0.06968,0.06988,-0.97891,0.04197,0.24357,-1.25586,-0.04664,0.28231,-1.47359,-0.10338,0.29810,-1.67711,-0.15193,0.00360,-0.99894,-0.04592,0.56050,-0.99522,-0.22592,0.56147,-0.74106,-0.25569,0.43540,-0.58755,-0.23299,0.01467,-0.93877,-0.13906,0.56054,-0.83020,-0.29057,0.49965,-0.58087,-0.26439,0.36115,-0.46776,-0.21003,0.07111,-0.83755,-0.23562,0.49056,-0.71592,-0.31284,0.45007,-0.52238,-0.29308,0.33247,-0.44416,-0.25884
paul,L,0.00000,0.00000,0.00000,0.34492,-0.22536,0.02008,0.42169,-0.48721,0.00059,0.42584,-0.68199,-0.05503,0.43548,-0.86284,-0.10462,0.11077,-0.97422,0.03934,0.26756,-1.25612,-0.05217,0.31159,-1.48561,-0.11221,0.33109,-1.68943,-0.16142,0.03093,-0.99868,-0.04112,0.57531,-0.97553,-0.22527,0.57782,-0.70174,-0.25680,0.45209,-0.54598,-0.23325,0.01073,-0.94513,-0.12947,0.54981,-0.83812,-0.29862,0.48929,-0.56852,-0.26796,0.34650,-0.44447,-0.20463,0.03135,-0.84377,-0.22107,0.42976,-0.73952,-0.31733,0.39850,-0.52566,-0.28826,0.28652,-0.42435,-0.24111
paul,L,0.00000,0.00000,0.00000,0.33620,-0.14418,0.01524,0.48539,-0.34128,-0.03144,0.54743,-0.46395,-0.11983,0.48852,-0.48144,-0.20902,0.18478,-0.96338,0.01895,0.30412,-1.26365,-0.07475,0.34827,-1.49474,-0.13860,0.37847,-1.69881,-0.19058,0.05871,-0.99538,-0.07600,0.52099,-0.97579,-0.26135,0.52505,-0.66957,-0.29566,0.41162,-0.48276,-0.27239,-0.02373,-0.95279,-0.17717,0.44887,-0.85248,-0.34983,0.40310,-0.55868,-0.31551,0.27640,-0.39583,-0.24448,-0.06982,-0.86359,-0.28276,0.30428,-0.79216,-0.37517,0.30496,-0.57558,-0.33206,0.21756,-0.43581,-0.27294
paul,L,0.00000,0.00000,0.00000,0.31978,-0.09880,-0.02116,0.52493,-0.28933,-0.07664,0.67850,-0.40353,-0.17039,0.82161,-0.43535,-0.26710,0.29086,-0.94604,-0.00144,0.40777,-1.29795,-0.12076,0.45560,-1.54488,-0.19700,0.49445,-1.76415,-0.25137,0.14207,-0.98653,-0.08114,0.55078,-1.02185,-0.31605,0.52599,-0.69879,-0.36522,0.40253,-0.46742,-0.33295,0.01136,-0.96736,-0.17157,0.41092,-0.91072,-0.39291,0.35652,-0.59033,-0.35970,0.24499,-0.38882,-0.26787,-0.11061,-0.90289,-0.26747,0.22331,-0.85699,-0.39975,0.22747,-0.62051,-0.36077,0.15565,-0.45773,-0.28864
paul,L,0.00000,0.00000,0.00000,0.32133,-0.05143,-0.10070,0.60453,-0.24672,-0.18868,0.82804,-0.36384,-0.29342,1.01620,-0.34715,-0.39663,0.41741,-0.91187,-0.10789,0.53396,-1.28298,-0.25552,0.57824,-1.53464,-0.34059,0.60930,-1.76192,-0.39940,0.23132,-0.96100,-0.15157,0.58176,-1.03715,-0.42405,0.54557,-0.68746,-0.47039,0.42067,-0.44305,-0.42779,0.04651,-0.95305,-0.20977,0.38113,-0.90489,-0.46379,0.32928,-0.57314,-0.41976,0.22307,-0.37243,-0.31265,-0.14811,-0.90231,-0.27886,0.14817,-0.85505,-0.43549,0.16509,-0.60818,-0.39748,0.10864,-0.45306,-0.32229
paul,L,0.00000,0.00000,0.00000,0.36729,-0.06961,-0.16235,0.73633,-0.28292,-0.26092,1.03350,-0.40317,-0.36615,1.29197,-0.38772,-0.46943,0.49353,-0.90275,-0.14923,0.62744,-1.32041,-0.31401,0.67290,-1.59672,-0.40366,0.71150,-1.83528,-0.46188,0.27960,-0.94561,-0.16624,0.52656,-1.06971,-0.46602,0.47578,-0.70865,-0.51507,0.39567,-0.44333,-0.46536,0.04842,-0.94071,-0.20471,0.29757,-0.95980,-0.49515,0.24304,-0.60159,-0.44566,0.17158,-0.37953,-0.32126,-0.20422,-0.90242,-0.25813,0.02404,-0.89903,-0.44513,0.04212,-0.64547,-0.40556,0.01304,-0.48245,-0.31808
paul,L,0.00000,0.00000,0.00000,0.39743,-0.04364,-0.18703,0.83553,-0.28270,-0.28222,1.17015,-0.41821,-0.37852,1.43012,-0.40360,-0.47530,0.56039,-0.90834,-0.16419,0.67717,-1.37853,-0.33480,0.70948,-1.67532,-0.42371,0.73989,-1.92153,-0.48058,0.31807,-0.93186,-0.17457,0.54497,-1.14612,-0.51005,0.47492,-0.75672,-0.56881,0.39053,-0.46551,-0.51191,0.06450,-0.91586,-0.20783,0.26591,-1.01556,-0.53776,0.20773,-0.62574,-0.48834,0.14358,-0.38318,-0.34987,-0.21366,-0.88343,-0.25508,-0.01474,-0.95342,-0.47009,-0.00059,-0.66601,-0.42384,-0.03032,-0.47512,-0.32441
paul,L,0.00000,0.00000,0.00000,0.40105,-0.04570,-0.19721,0.85642,-0.29412,-0.29473,1.21435,-0.43837,-0.39174,1.49530,-0.43806,-0.49031,0.56976,-0.91489,-0.16433,0.69272,-1.38887,-0.33802,0.73102,-1.69441,-0.43301,0.76110,-1.94388,-0.49433,0.31526,-0.93289,-0.17412,0.50314,-1.18367,-0.51226,0.41971,-0.78036,-0.57626,0.33093,-0.47891,-0.52296,0.05076,-0.89994,-0.20761,0.20975,-1.03430,-0.54270,0.15427,-0.63781,-0.48750,0.09695,-0.38896,-0.34376,-0.23668,-0.85395,-0.25551,-0.06851,-0.96010,-0.46800,-0.04819,-0.67167,-0.40775,-0.07211,-0.47962,-0.29867
paul,L,0.00000,0.00000,0.00000,0.41180,-0.02701,-0.20063,0.88295,-0.27305,-0.29790,1.25603,-0.41815,-0.39440,1.53834,-0.40503,-0.49465,0.61458,-0.89945,-0.17427,0.73529,-1.38488,-0.34636,0.77558,-1.69582,-0.44236,0.80656,-1.94475,-0.50594,0.34437,-0.92119,-0.18114,0.49545,-1.18004,-0.52791,0.40613,-0.77112,-0.59815,0.32102,-0.45846,-0.54752,0.06710,-0.88937,-0.21046,0.17870,-1.03973,-0.54698,0.13065,-0.64342,-0.49411,0.08472,-0.38221,-0.35171,-0.22868,-0.84681,-0.25449,-0.10064,-0.97367,-0.46891,-0.07876,-0.69077,-0.41141,-0.09308,-0.49713,-0.30364
paul,L,0.00000,0.00000,0.00000,0.40416,-0.02752,-0.19744,0.87819,-0.27791,-0.29356,1.24874,-0.42430,-0.38740,1.53122,-0.40912,-0.48594,0.61922,-0.89879,-0.18456,0.74064,-1.37973,-0.35452,0.77775,-1.68777,-0.44962,0.80672,-1.93631,-0.51388,0.34403,-0.91934,-0.19094,0.48234,-1.18197,-0.52918,0.39591,-0.77171,-0.59470,0.31890,-0.46122,-0.54507,0.06423,-0.88602,-0.21843,0.16575,-1.04768,-0.54741,0.12491,-0.65184,-0.49098,0.08524,-0.38954,-0.35062,-0.23313,-0.83912,-0.26036,-0.11043,-0.98102,-0.47326,-0.08159,-0.69800,-0.41520,-0.09266,-0.50322,-0.30945
paul,L,0.00000,0.00000,0.00000,0.41481,-0.02550,-0.21638,0.87900,-0.27037,-0.32640,1.25963,-0.43158,-0.43309,1.55418,-0.42952,-0.54432,0.63515,-0.88876,-0.19704,0.75817,-1.37255,-0.37412,0.79333,-1.68459,-0.47809,0.82247,-1.93970,-0.54985,0.35355,-0.91400,-0.19899,0.45389,-1.17369,-0.55035,0.36394,-0.77251,-0.62914,0.29860,-0.46640,-0.58714,0.07204,-0.88192,-0.22312,0.14023,-1.04861,-0.56322,0.10785,-0.64857,-0.51305,0.08618,-0.38485,-0.37455,-0.22053,-0.82857,-0.26359,-0.12951,-0.97919,-0.48503,-0.09743,-0.68186,-0.42862,-0.09013,-0.47921,-0.32110
paul,L,0.00000,0.00000,0.00000,0.42116,-0.02684,-0.20797,0.88157,-0.27417,-0.31306,1.26467,-0.43473,-0.41656,1.55860,-0.42895,-0.52574,0.64328,-0.89018,-0.18736,0.76767,-1.37740,-0.36104,0.80107,-1.69009,-0.46204,0.82899,-1.94425,-0.53177,0.35732,-0.91380,-0.19310,0.44834,-1.18615,-0.54181,0.35815,-0.78459,-0.61942,0.29667,-0.47340,-0.57647,0.07080,-0.87880,-0.22060,0.13398,-1.05456,-0.56226,0.10332,-0.65176,-0.51335,0.08428,-0.38356,-0.37478,-0.22565,-0.82177,-0.26314,-0.14040,-0.98395,-0.48712,-0.10596,-0.68328,-0.43077,-0.09603,-0.47492,-0.32304
paul,L,0.00000,0.00000,0.00000,0.42094,-0.02643,-0.21216,0.88188,-0.26805,-0.31875,1.27049,-0.42007,-0.42342,1.56473,-0.41052,-0.53395,0.64875,-0.88399,-0.19065,0.78317,-1.36910,-0.36594,0.82616,-1.68314,-0.46955,0.85970,-1.93675,-0.54117,0.36376,-0.91116,-0.19358,0.43622,-1.17959,-0.54193,0.34494,-0.77747,-0.61970,0.28727,-0.46657,-0.57823,0.07833,-0.87794,-0.21899,0.13098,-1.05457,-0.55677,0.10006,-0.65392,-0.50651,0.08293,-0.38754,-0.36931,-0.21660,-0.82175,-0.26048,-0.13903,-0.98576,-0.48105,-0.10812,-0.68885,-0.42453,-0.09699,-0.48395,-0.31806
paul,L,0.00000,0.00000,0.00000,0.42426,-0.03504,-0.21240,0.87614,-0.27705,-0.31972,1.26286,-0.42850,-0.42676,1.56157,-0.41277,-0.54030,0.64718,-0.88530,-0.18832,0.77868,-1.37132,-0.36295,0.82231,-1.68822,-0.46808,0.85617,-1.94258,-0.54134,0.36302,-0.91172,-0.19233,0.41769,-1.17805,-0.54004,0.34024,-0.78997,-0.62380,0.29149,-0.47952,-0.58859,0.07813,-0.87801,-0.21908,0.11405,-1.05272,-0.55752,0.09925,-0.65773,-0.51515,0.09176,-0.38521,-0.38429,-0.21376,-0.81804,-0.26218,-0.15134,-0.98198,-0.48628,-0.11190,-0.69219,-0.43709,-0.09465,-0.48330,-0.33599
paul,L,0.00000,0.00000,0.00000,0.42902,-0.03480,-0.21255,0.87652,-0.27703,-0.31710,1.25755,-0.42978,-0.42138,1.54789,-0.41761,-0.53146,0.64351,-0.88912,-0.18403,0.77514,-1.37492,-0.36001,0.81650,-1.69293,-0.46722,0.85044,-1.94799,-0.54200,0.35741,-0.91500,-0.18717,0.41209,-1.18232,-0.53714,0.33211,-0.79449,-0.62261,0.28420,-0.48431,-0.58736,0.07219,-0.87947,-0.21332,0.11142,-1.05363,-0.55177,0.09258,-0.66081,-0.51047,0.08337,-0.39117,-0.37971,-0.22137,-0.81961,-0.25614,-0.15722,-0.97817,-0.48105,-0.11863,-0.69095,-0.43373,-0.10016,-0.48579,-0.33320
paul,L,0.00000,0.00000,0.00000,0.42070,-0.05276,-0.21929,0.86436,-0.30047,-0.33171,1.24877,-0.45347,-0.44251,1.54734,-0.44469,-0.55922,0.62768,-0.89828,-0.19914,0.75872,-1.39235,-0.38323,0.80173,-1.71642,-0.49424,0.83325,-1.97531,-0.57061,0.33729,-0.91932,-0.20270,0.37902,-1.19900,-0.56039,0.30194,-0.80233,-0.64453,0.25989,-0.48271,-0.60671,0.05032,-0.87632,-0.23006,0.07162,-1.05623,-0.57687,0.06046,-0.66008,-0.53153,0.06159,-0.38549,-0.39595,-0.23764,-0.80509,-0.27440,-0.18931,-0.97844,-0.50476,-0.15047,-0.68797,-0.45300,-0.12905,-0.47836,-0.34788
paul,L,0.00000,0.00000,0.00000,0.42234,-0.05123,-0.23171,0.85248,-0.30229,-0.35008,1.23045,-0.46712,-0.46313,1.52519,-0.46081,-0.58131,0.60722,-0.90892,-0.21766,0.71850,-1.41011,-0.40761,0.74819,-1.74084,-0.52309,0.76945,-2.00426,-0.60358,0.31088,-0.92554,-0.21615,0.32391,-1.20088,-0.58452,0.25506,-0.79987,-0.67345,0.22937,-0.47493,-0.63655,0.02547,-0.87578,-0.23900,0.01759,-1.03976,-0.59214,0.02114,-0.64646,-0.55173,0.04271,-0.37727,-0.41835,-0.25453,-0.79448,-0.27966,-0.23720,-0.95400,-0.51436,-0.19262,-0.66356,-0.46786,-0.15110,-0.45942,-0.36566
paul,L,0.00000,0.00000,0.00000,0.41798,-0.04670,-0.23166,0.84835,-0.29194,-0.34898,1.22393,-0.44664,-0.46016,1.50948,-0.44173,-0.57659,0.59747,-0.91983,-0.21487,0.70307,-1.40727,-0.39687,0.72748,-1.72313,-0.50676,0.73939,-1.97984,-0.58324,0.30630,-0.92900,-0.20769,0.31143,-1.17501,-0.56231,0.25749,-0.77138,-0.64841,0.23853,-0.46414,-0.61366,0.02546,-0.87711,-0.22429,0.01543,-1.01817,-0.56534,0.03136,-0.62516,-0.52805,0.05862,-0.37130,-0.40012,-0.24979,-0.79652,-0.25852,-0.23634,-0.94699,-0.48410,-0.17858,-0.66149,-0.43927,-0.12810,-0.46954,-0.34000
paul,L,0.00000,0.00000,0.00000,0.41576,-0.04906,-0.24478,0.84491,-0.28814,-0.37130,1.22215,-0.43360,-0.48816,1.51287,-0.42420,-0.60915,0.60531,-0.91052,-0.23178,0.71115,-1.39649,-0.42146,0.73582,-1.71336,-0.53659,0.74569,-1.97075,-0.61635,0.31295,-0.92418,-0.21900,0.29774,-1.16440,-0.57911,0.23794,-0.75778,-0.66598,0.22214,-0.45387,-0.63134,0.03247,-0.87602,-0.23126,0.00178,-1.01075,-0.57731,0.01483,-0.62083,-0.54013,0.04740,-0.37792,-0.41207,-0.23784,-0.79727,-0.26205,-0.23828,-0.94695,-0.49054,-0.19001,-0.65644,-0.44413,-0.13983,-0.46815,-0.34350
paul,L,0.00000,0.00000,0.00000,0.40366,-0.06181,-0.25941,0.81534,-0.30056,-0.39894,1.18321,-0.44529,-0.52510,1.46889,-0.43724,-0.65399,0.56609,-0.91701,-0.27092,0.65564,-1.41487,-0.47915,0.67704,-1.74267,-0.60590,0.68211,-2.00725,-0.69388,0.26419,-0.92974,-0.25650,0.22870,-1.16525,-0.63937,0.17841,-0.74890,-0.72858,0.17078,-0.43153,-0.69209,-0.01445,-0.87387,-0.26829,-0.06518,-0.98817,-0.62927,-0.03510,-0.60282,-0.59259,0.01109,-0.36060,-0.46292,-0.27280,-0.78647,-0.29979,-0.29401,-0.91317,-0.54044,-0.23820,-0.62537,-0.49981,-0.17232,-0.44411,-0.40171
paul,L,0.00000,0.00000,0.00000,0.40156,-0.05857,-0.26876,0.80741,-0.29717,-0.41241,1.17693,-0.43886,-0.54036,1.46481,-0.42396,-0.67108,0.55649,-0.92264,-0.27882,0.64094,-1.41998,-0.48560,0.66006,-1.74846,-0.61198,0.65728,-2.01542,-0.70132,0.26083,-0.92986,-0.25946,0.20182,-1.16283,-0.63533,0.16185,-0.74183,-0.72056,0.16619,-0.43220,-0.68450,-0.01656,-0.87093,-0.26717,-0.08638,-0.98401,-0.62400,-0.04823,-0.59702,-0.58516,0.00855,-0.36403,-0.45624,-0.27348,-0.78048,-0.29559,-0.30964,-0.91294,-0.53586,-0.24899,-0.62572,-0.49537,-0.17567,-0.44997,-0.39844
paul,L,0.00000,0.00000,0.00000,0.40639,-0.05931,-0.27080,0.80440,-0.29754,-0.41016,1.16619,-0.43857,-0.53262,1.44432,-0.41956,-0.65723,0.53277,-0.93744,-0.27880,0.60361,-1.43752,-0.47619,0.61694,-1.76601,-0.59500,0.60685,-2.03313,-0.68050,0.24271,-0.93605,-0.25475,0.15379,-1.15428,-0.61741,0.13798,-0.74416,-0.69819,0.16629,-0.44501,-0.66253,-0.02743,-0.86970,-0.25773,-0.11956,-0.96112,-0.59965,-0.05834,-0.59201,-0.56645,0.02274,-0.37574,-0.44650,-0.27253,-0.77528,-0.28254,-0.32691,-0.87899,-0.51431,-0.24784,-0.60911,-0.48358,-0.14788,-0.45066,-0.39690
paul,L,0.00000,0.00000,0.00000,0.40300,-0.05958,-0.25913,0.80355,-0.29928,-0.39457,1.18011,-0.41886,-0.51667,1.46597,-0.39453,-0.64292,0.53280,-0.93716,-0.26694,0.60800,-1.43528,-0.46077,0.62442,-1.75967,-0.58073,0.61711,-2.02657,-0.66654,0.24889,-0.93688,-0.24558,0.17119,-1.13665,-0.60477,0.14837,-0.73279,-0.69286,0.16179,-0.43875,-0.66448,-0.01763,-0.87269,-0.24883,-0.10506,-0.96130,-0.58320,-0.04445,-0.59439,-0.55393,0.02713,-0.36963,-0.43923,-0.26110,-0.77806,-0.27293,-0.31462,-0.87354,-0.50094,-0.23389,-0.60079,-0.46961,-0.13962,-0.43120,-0.38241
paul,L,0.00000,0.00000,0.00000,0.40651,-0.05986,-0.26492,0.80941,-0.29649,-0.40415,1.17443,-0.43259,-0.52788,1.45463,-0.41454,-0.65494,0.54683,-0.92991,-0.28139,0.62256,-1.43282,-0.48181,0.63842,-1.76185,-0.60274,0.62944,-2.03124,-0.68987,0.25646,-0.93033,-0.26214,0.17270,-1.15436,-0.62904,0.14978,-0.74392,-0.71245,0.17099,-0.44491,-0.67904,-0.01623,-0.86647,-0.26869,-0.10498,-0.96953,-0.61498,-0.04821,-0.59502,-0.57957,0.02837,-0.37233,-0.45806,-0.26579,-0.77243,-0.29626,-0.31814,-0.88558,-0.53346,-0.24120,-0.60875,-0.50066,-0.14517,-0.44171,-0.41169
paul,L,0.00000,0.00000,0.00000,0.40856,-0.06256,-0.26528,0.80990,-0.30275,-0.40643,1.17606,-0.44676,-0.53219,1.46329,-0.43916,-0.66138,0.55098,-0.93233,-0.28094,0.62057,-1.43719,-0.48397,0.63250,-1.77002,-0.60769,0.62130,-2.04045,-0.69642,0.25772,-0.92985,-0.26261,0.17688,-1.16452,-0.63244,0.15386,-0.75137,-0.71690,0.17332,-0.44709,-0.68337,-0.01743,-0.86362,-0.27037,-0.10181,-0.97697,-0.62024,-0.04574,-0.59715,-0.58239,0.02574,-0.36852,-0.45843,-0.26974,-0.76741,-0.29901,-0.31613,-0.88750,-0.53825,-0.24228,-0.60415,-0.50246,-0.15284,-0.43160,-0.41093
paul,L,0.00000,0.00000,0.00000,0.40763,-0.06078,-0.26517,0.80833,-0.30462,-0.40762,1.17653,-0.45186,-0.53431,1.46313,-0.44272,-0.66519,0.54727,-0.93016,-0.28594,0.61456,-1.43271,-0.48940,0.62714,-1.76491,-0.61429,0.61826,-2.03299,-0.70443,0.25442,-0.92928,-0.26780,0.17363,-1.15822,-0.63713,0.14778,-0.74376,-0.72106,0.16503,-0.43948,-0.68834,-0.02054,-0.86284,-0.27547,-0.10908,-0.97290,-0.62263,-0.05561,-0.59590,-0.58332,0.01473,-0.36757,-0.45988,-0.27291,-0.76576,-0.30419,-0.32584,-0.88657,-0.54050,-0.25540,-0.60609,-0.50315,-0.16885,-0.43424,-0.41155
paul,L,0.00000,0.00000,0.00000,0.40619,-0.07396,-0.25421,0.80418,-0.32148,-0.38829,1.16581,-0.47279,-0.50921,1.45253,-0.47676,-0.63428,0.53822,-0.93730,-0.26109,0.60365,-1.43165,-0.45663,0.61534,-1.75915,-0.57777,0.60758,-2.02400,-0.66448,0.24779,-0.93703,-0.24612,0.18215,-1.17320,-0.60715,0.15583,-0.76386,-0.69240,0.16770,-0.45835,-0.66031,-0.02651,-0.87094,-0.25653,-0.10200,-0.99550,-0.59867,-0.05215,-0.61749,-0.56257,0.01121,-0.38426,-0.44044,-0.27879,-0.77310,-0.28675,-0.32520,-0.90880,-0.51849,-0.25569,-0.63297,-0.48091,-0.17573,-0.45972,-0.38938
paul,L,0.00000,0.00000,0.00000,0.41970,-0.06817,-0.25281,0.82899,-0.32316,-0.38383,1.19683,-0.48120,-0.50304,1.48368,-0.48188,-0.62688,0.55030,-0.94106,-0.25198,0.62125,-1.43949,-0.44788,0.63215,-1.76599,-0.56834,0.62519,-2.02844,-0.65372,0.25210,-0.93784,-0.23854,0.20125,-1.17908,-0.60614,0.17062,-0.76571,-0.69525,0.17551,-0.45767,-0.66288,-0.02636,-0.86993,-0.25058,-0.08443,-1.00262,-0.60172,-0.03880,-0.61714,-0.56729,0.01532,-0.38051,-0.44203,-0.28496,-0.77232,-0.28178,-0.31375,-0.91282,-0.51898,-0.24436,-0.63045,-0.47995,-0.17230,-0.45334,-0.38466
paul,L,0.00000,0.00000,0.00000,0.41423,-0.06605,-0.25696,0.82608,-0.30272,-0.39276,1.18851,-0.43472,-0.51666,1.47099,-0.42175,-0.64518,0.53789,-0.93749,-0.26130,0.61452,-1.43463,-0.45753,0.63354,-1.75838,-0.57772,0.63157,-2.01888,-0.66128,0.23858,-0.93937,-0.24629,0.17897,-1.16122,-0.61123,0.15104,-0.75710,-0.70065,0.15529,-0.45628,-0.66962,-0.03855,-0.87485,-0.25634,-0.10153,-0.98490,-0.60020,-0.05160,-0.60914,-0.56843,0.00507,-0.37929,-0.44672,-0.29296,-0.78103,-0.28658,-0.32757,-0.90856,-0.51455,-0.25388,-0.63527,-0.47481,-0.17721,-0.46346,-0.37997
paul,L,0.00000,0.00000,0.00000,0.40642,-0.06242,-0.25878,0.80570,-0.28948,-0.39139,1.16052,-0.39417,-0.50994,1.43030,-0.35533,-0.63260,0.52223,-0.93521,-0.26534,0.59591,-1.42641,-0.44902,0.61859,-1.74388,-0.56199,0.61443,-2.00341,-0.64366,0.22963,-0.94242,-0.24312,0.13275,-1.12092,-0.58616,0.11908,-0.73460,-0.66668,0.13764,-0.45056,-0.63750,-0.04060,-0.88184,-0.24605,-0.13458,-0.94716,-0.56784,-0.07198,-0.58936,-0.54061,0.00193,-0.37563,-0.43096,-0.28123,-0.78974,-0.27072,-0.33607,-0.87417,-0.49070,-0.25549,-0.60848,-0.46297,-0.15979,-0.44912,-0.38093
paul,L,0.00000,0.00000,0.00000,0.40373,-0.05995,-0.25654,0.79665,-0.28150,-0.38660,1.14704,-0.38161,-0.50196,1.41515,-0.33594,-0.62153,0.52085,-0.93281,-0.26388,0.59454,-1.41859,-0.43740,0.61862,-1.73224,-0.54381,0.61676,-1.99027,-0.62256,0.23282,-0.94273,-0.23886,0.12537,-1.10945,-0.56401,0.11090,-0.73563,-0.63876,0.13114,-0.45968,-0.61077,-0.03341,-0.88431,-0.23825,-0.12782,-0.93878,-0.54672,-0.06501,-0.58824,-0.52203,0.01069,-0.37853,-0.41863,-0.26948,-0.79448,-0.25940,-0.32339,-0.86263,-0.47492,-0.24116,-0.59898,-0.45301,-0.14038,-0.44161,-0.37701
paul,L,0.00000,0.00000,0.00000,0.39434,-0.05272,-0.26071,0.78537,-0.26516,-0.39981,1.13898,-0.35653,-0.52377,1.41769,-0.30792,-0.65254,0.52884,-0.92143,-0.27990,0.60142,-1.41034,-0.45759,0.62901,-1.72159,-0.56329,0.63166,-1.97813,-0.64028,0.24519,-0.93573,-0.25356,0.13546,-1.07873,-0.58179,0.11044,-0.70081,-0.65317,0.12567,-0.43193,-0.62290,-0.01899,-0.88242,-0.25144,-0.11814,-0.92928,-0.56566,-0.06152,-0.57605,-0.53743,0.01469,-0.36800,-0.43058,-0.25099,-0.79801,-0.27086,-0.30798,-0.86735,-0.49211,-0.23136,-0.59795,-0.46733,-0.13148,-0.43755,-0.38723
paul,L,0.00000,0.00000,0.00000,0.38734,-0.05957,-0.25767,0.78074,-0.27030,-0.40493,1.12636,-0.34327,-0.53831,1.39557,-0.29157,-0.67546,0.50838,-0.92615,-0.29235,0.55939,-1.44080,-0.47589,0.58102,-1.76094,-0.58267,0.57697,-2.02523,-0.65976,0.22242,-0.93712,-0.26896,0.10288,-1.05230,-0.60243,0.08644,-0.66453,-0.67387,0.10458,-0.40238,-0.64520,-0.04314,-0.88145,-0.26860,-0.14244,-0.90512,-0.58518,-0.07468,-0.55416,-0.55376,0.00703,-0.35891,-0.44640,-0.27746,-0.79635,-0.28926,-0.33330,-0.84502,-0.50953,-0.23500,-0.57249,-0.47971,-0.12098,-0.41885,-0.39642
paul,L,0.00000,0.00000,0.00000,0.37995,-0.04953,-0.23711,0.76552,-0.24367,-0.38121,1.10306,-0.30530,-0.51305,1.35588,-0.24434,-0.65076,0.48266,-0.87643,-0.32988,0.51347,-1.36560,-0.50851,0.52269,-1.68721,-0.61333,0.50771,-1.95119,-0.68895,0.19626,-0.93106,-0.30758,0.07079,-0.91691,-0.61226,0.06482,-0.55253,-0.67052,0.08316,-0.29858,-0.64518,-0.06768,-0.89527,-0.30157,-0.16677,-0.77071,-0.56051,-0.09056,-0.46444,-0.52123,-0.01412,-0.27423,-0.42947,-0.29996,-0.82104,-0.31977,-0.35870,-0.72282,-0.48584,-0.25716,-0.47668,-0.45272,-0.14566,-0.33490,-0.37965
paul,L,0.00000,0.00000,0.00000,0.35370,-0.05897,-0.19274,0.70713,-0.21632,-0.32682,1.01027,-0.25498,-0.45483,1.25576,-0.18609,-0.58644,0.43794,-0.80945,-0.30762,0.43185,-1.21350,-0.46665,0.42655,-1.50460,-0.56637,0.40771,-1.75240,-0.64263,0.18674,-0.93636,-0.29726,0.01215,-0.73543,-0.53918,0.02682,-0.42413,-0.58821,0.07685,-0.22240,-0.57758,-0.05719,-0.92386,-0.29701,-0.17868,-0.60896,-0.48622,-0.09566,-0.37126,-0.44806,0.00843,-0.23689,-0.38075,-0.26965,-0.85628,-0.32209,-0.34601,-0.61859,-0.44082,-0.24778,-0.40762,-0.40976,-0.12494,-0.29763,-0.34900
paul,L,0.00000,0.00000,0.00000,0.35240,-0.06983,-0.18490,0.70427,-0.22841,-0.31625,1.00704,-0.26166,-0.44322,1.25068,-0.19159,-0.57408,0.42687,-0.81168,-0.30043,0.41770,-1.19616,-0.45975,0.40951,-1.47635,-0.56044,0.38969,-1.71729,-0.63742,0.17586,-0.93963,-0.29355,0.01291,-0.72694,-0.52996,0.02418,-0.41542,-0.57518,0.07211,-0.21483,-0.56341,-0.06422,-0.92529,-0.29676,-0.17809,-0.59938,-0.47804,-0.10512,-0.36236,-0.43534,-0.00715,-0.23000,-0.36746,-0.27148,-0.85417,-0.32541,-0.34970,-0.60262,-0.43662,-0.25531,-0.39606,-0.40311,-0.13369,-0.29203,-0.34270
paul,L,0.00000,0.00000,0.00000,0.34514,-0.07099,-0.18517,0.69195,-0.22685,-0.31803,0.98978,-0.25653,-0.44614,1.23325,-0.18430,-0.57745,0.40852,-0.81791,-0.29812,0.38675,-1.20042,-0.45321,0.36998,-1.47861,-0.55202,0.34422,-1.71960,-0.62868,0.15528,-0.94383,-0.29169,-0.01354,-0.71636,-0.52463,0.00636,-0.41156,-0.57262,0.05969,-0.22284,-0.56394,-0.08768,-0.92722,-0.29482,-0.19854,-0.59037,-0.47419,-0.11519,-0.35768,-0.43411,-0.01203,-0.23591,-0.36848,-0.29702,-0.85536,-0.32345,-0.36865,-0.59892,-0.43449,-0.26645,-0.39121,-0.40106,-0.14251,-0.28892,-0.34017
paul,L,0.00000,0.00000,0.00000,0.34388,-0.07662,-0.18097,0.68435,-0.23612,-0.31076,0.97966,-0.26580,-0.43664,1.21915,-0.19576,-0.56511,0.39646,-0.82156,-0.29504,0.37129,-1.19142,-0.44824,0.35151,-1.46125,-0.54331,0.32463,-1.69681,-0.61750,0.14094,-0.94640,-0.29063,-0.01669,-0.71323,-0.52008,0.00621,-0.40492,-0.56418,0.06072,-0.21259,-0.55348,-0.09801,-0.92535,-0.29582,-0.20319,-0.57766,-0.47336,-0.12046,-0.34521,-0.43288,-0.01669,-0.22241,-0.36783,-0.30127,-0.84767,-0.32627,-0.37058,-0.58026,-0.43641,-0.26851,-0.37356,-0.40479,-0.14413,-0.27239,-0.34640
paul,L,0.00000,0.00000,0.00000,0.35243,-0.07021,-0.18173,0.69967,-0.22875,-0.31141,1.00331,-0.25745,-0.43722,1.24674,-0.18838,-0.56579,0.41902,-0.81375,-0.29519,0.39462,-1.18312,-0.45035,0.37627,-1.45569,-0.54637,0.35340,-1.68954,-0.62063,0.16600,-0.94249,-0.29009,0.00839,-0.71261,-0.52449,0.02674,-0.40526,-0.56935,0.08337,-0.20505,-0.55762,-0.07488,-0.92550,-0.29516,-0.18648,-0.58016,-0.47226,-0.11156,-0.35190,-0.43237,-0.00901,-0.22682,-0.36820,-0.28437,-0.85067,-0.32606,-0.36342,-0.57759,-0.43423,-0.26830,-0.37559,-0.40526,-0.14411,-0.27797,-0.35001
paul,L,0.00000,0.00000,0.00000,0.34667,-0.07686,-0.18655,0.68712,-0.23084,-0.31930,0.99157,-0.26002,-0.44750,1.24029,-0.20445,-0.57695,0.42303,-0.81662,-0.29254,0.39749,-1.16675,-0.44867,0.37631,-1.42953,-0.54578,0.35544,-1.65805,-0.62096,0.16524,-0.94362,-0.28685,0.02727,-0.70822,-0.52650,0.04215,-0.39747,-0.57619,0.08991,-0.19849,-0.56595,-0.07888,-0.92244,-0.29211,-0.17639,-0.56976,-0.47737,-0.10233,-0.33869,-0.44304,-0.00386,-0.21568,-0.37984,-0.29137,-0.84175,-0.32315,-0.36039,-0.56170,-0.43900,-0.25998,-0.35813,-0.41505,-0.13671,-0.26020,-0.36158
paul,L,0.00000,0.00000,0.00000,0.35305,-0.07219,-0.18795,0.70271,-0.22495,-0.32070,1.01244,-0.25690,-0.44907,1.26665,-0.20204,-0.57944,0.43331,-0.80524,-0.30043,0.41394,-1.16367,-0.45885,0.39505,-1.43192,-0.55511,0.37483,-1.66612,-0.62913,0.17431,-0.93985,-0.29376,0.03753,-0.70503,-0.53445,0.05008,-0.38915,-0.58060,0.09324,-0.18961,-0.56782,-0.07245,-0.92329,-0.29790,-0.17158,-0.56677,-0.48817,-0.09616,-0.32908,-0.45258,0.00392,-0.20377,-0.38702,-0.28930,-0.84744,-0.32741,-0.35820,-0.57062,-0.44547,-0.25619,-0.36046,-0.41949,-0.13198,-0.25646,-0.36422
paul,L,0.00000,0.00000,0.00000,0.35623,-0.07256,-0.18371,0.70920,-0.22577,-0.31418,1.02227,-0.25832,-0.44003,1.27444,-0.19845,-0.56717,0.44903,-0.79960,-0.29825,0.43962,-1.15396,-0.45663,0.42303,-1.41961,-0.55054,0.40669,-1.65048,-0.62268,0.18948,-0.93716,-0.29297,0.06732,-0.71078,-0.53586,0.07340,-0.39409,-0.57892,0.11172,-0.19175,-0.56204,-0.05929,-0.92516,-0.29851,-0.15138,-0.56622,-0.48492,-0.08778,-0.33551,-0.44601,0.00386,-0.21993,-0.37864,-0.28209,-0.85344,-0.32930,-0.35114,-0.56712,-0.43835,-0.26047,-0.36656,-0.40935,-0.14784,-0.27880,-0.35396
paul,L,0.00000,0.00000,0.00000,0.35664,-0.06410,-0.18063,0.71393,-0.21507,-0.31170,1.03047,-0.24874,-0.43777,1.28403,-0.18479,-0.56488,0.45722,-0.79225,-0.31033,0.45497,-1.14541,-0.47040,0.43822,-1.41085,-0.56210,0.42458,-1.64027,-0.63265,0.18633,-0.93384,-0.30531,0.09485,-0.70259,-0.55117,0.09381,-0.38309,-0.59088,0.12203,-0.17641,-0.57117,-0.07101,-0.92003,-0.30971,-0.13841,-0.54341,-0.50136,-0.07511,-0.31303,-0.46366,0.01432,-0.19518,-0.39614,-0.29747,-0.84451,-0.33819,-0.34209,-0.54522,-0.45144,-0.24451,-0.34172,-0.42461,-0.12872,-0.24987,-0.37066
paul,L,0.00000,0.00000,0.00000,0.36169,-0.07315,-0.15699,0.72712,-0.23552,-0.27602,1.03734,-0.27676,-0.39434,1.28665,-0.22286,-0.51177,0.49279,-0.79624,-0.29193,0.50961,-1.14797,-0.45302,0.49816,-1.39410,-0.53558,0.49005,-1.60332,-0.59640,0.21329,-0.93033,-0.29832,0.20289,-0.71861,-0.55444,0.18850,-0.39877,-0.58952,0.18525,-0.19467,-0.55901,-0.05025,-0.90685,-0.31304,-0.06617,-0.50792,-0.50586,-0.02858,-0.27663,-0.46127,0.02931,-0.17097,-0.38562,-0.27990,-0.81578,-0.35003,-0.28712,-0.49337,-0.45357,-0.20737,-0.30291,-0.42347,-0.12131,-0.23608,-0.36846
paul,L,0.00000,0.00000,0.00000,0.37788,-0.06475,-0.12503,0.75521,-0.23775,-0.22903,1.04490,-0.31157,-0.34022,1.29325,-0.28766,-0.45379,0.55533,-0.76886,-0.28155,0.64110,-1.06847,-0.44909,0.65853,-1.29331,-0.54401,0.67097,-1.49347,-0.61346,0.25543,-0.91589,-0.30967,0.31767,-0.56793,-0.55498,0.29833,-0.28239,-0.60250,0.26545,-0.12964,-0.59413,-0.02866,-0.87357,-0.34210,0.04595,-0.40196,-0.54264,0.06960,-0.18116,-0.51466,0.08412,-0.09121,-0.45663,-0.27511,-0.75036,-0.39224,-0.20615,-0.39438,-0.51505,-0.11781,-0.21120,-0.49617,-0.04547,-0.13902,-0.45036
paul,L,0.00000,0.00000,0.00000,0.36552,-0.06961,-0.10915,0.73335,-0.24682,-0.21326,1.02814,-0.34237,-0.32730,1.28586,-0.32737,-0.44390,0.59067,-0.75746,-0.25482,0.72497,-1.03238,-0.42486,0.78483,-1.24815,-0.52388,0.83705,-1.44393,-0.59880,0.32292,-0.90017,-0.29226,0.42474,-0.54527,-0.53380,0.37741,-0.26960,-0.57768,0.31571,-0.15380,-0.57097,0.05413,-0.86320,-0.33601,0.16399,-0.39856,-0.53905,0.15620,-0.19392,-0.50997,0.14029,-0.14440,-0.45506,-0.18941,-0.74751,-0.39496,-0.08424,-0.38118,-0.51675,-0.02716,-0.21020,-0.49805,0.00672,-0.17544,-0.45596
paul,L,0.00000,0.00000,0.00000,0.36828,-0.05903,-0.11401,0.73383,-0.23262,-0.22153,1.02506,-0.32342,-0.33626,1.28874,-0.30821,-0.45383,0.58618,-0.75918,-0.26898,0.71940,-1.01888,-0.44319,0.78451,-1.23113,-0.54857,0.84519,-1.42508,-0.62905,0.30983,-0.90024,-0.30590,0.41894,-0.52487,-0.55530,0.37440,-0.24862,-0.60562,0.30799,-0.12862,-0.60294,0.03478,-0.85742,-0.34849,0.15921,-0.37330,-0.55419,0.15797,-0.16775,-0.52509,0.14121,-0.11667,-0.46985,-0.21277,-0.73242,-0.40685,-0.09206,-0.36166,-0.53196,-0.02990,-0.18664,-0.51308,0.00342,-0.14746,-0.46998
paul,L,0.00000,0.00000,0.00000,0.36734,-0.05875,-0.11612,0.73151,-0.23581,-0.22426,1.02394,-0.32962,-0.33967,1.29110,-0.31498,-0.45771,0.57840,-0.76626,-0.26828,0.71759,-1.02455,-0.44510,0.78396,-1.23468,-0.55175,0.84439,-1.42928,-0.63291,0.29936,-0.90376,-0.30595,0.41418,-0.53843,-0.55748,0.37554,-0.26027,-0.60920,0.31540,-0.14176,-0.60691,0.02231,-0.85890,-0.34989,0.15357,-0.37544,-0.56216,0.15829,-0.16191,-0.53472,0.14692,-0.10678,-0.47826,-0.22530,-0.73167,-0.40937,-0.09914,-0.36372,-0.53942,-0.03437,-0.18377,-0.52106,0.00065,-0.14071,-0.47707
paul,L,0.00000,0.00000,0.00000,0.36686,-0.06297,-0.11428,0.73138,-0.23936,-0.22332,1.02147,-0.33304,-0.34001,1.28464,-0.31867,-0.45885,0.58096,-0.76319,-0.26690,0.71132,-1.02444,-0.44268,0.77271,-1.23546,-0.54847,0.82772,-1.42938,-0.62951,0.30235,-0.90305,-0.30510,0.40999,-0.52887,-0.55431,0.37385,-0.25089,-0.60361,0.31513,-0.13858,-0.60135,0.02478,-0.85876,-0.34964,0.15211,-0.37380,-0.55898,0.15534,-0.16490,-0.52956,0.14241,-0.12010,-0.47420,-0.22405,-0.73297,-0.40972,-0.10178,-0.36110,-0.53752,-0.03948,-0.18507,-0.51835,-0.00912,-0.15340,-0.47550
paul,L,0.00000,0.00000,0.00000,0.36865,-0.06326,-0.10917,0.73584,-0.23832,-0.21687,1.02930,-0.32965,-0.33277,1.29779,-0.31076,-0.45103,0.58861,-0.75447,-0.26767,0.71536,-1.00960,-0.44304,0.77735,-1.21908,-0.54938,0.83282,-1.41156,-0.63113,0.30997,-0.89957,-0.30771,0.41226,-0.50942,-0.55301,0.37845,-0.23764,-0.60091,0.32057,-0.12928,-0.59940,0.03154,-0.85494,-0.35336,0.15284,-0.35675,-0.56093,0.16077,-0.15166,-0.53162,0.15052,-0.10701,-0.47744,-0.21815,-0.72676,-0.41403,-0.10122,-0.34381,-0.54399,-0.03104,-0.16712,-0.52600,0.00676,-0.13237,-0.48386
paul,L,0.00000,0.00000,0.00000,0.37582,-0.06151,-0.10241,0.75595,-0.23352,-0.20500,1.05817,-0.31282,-0.31801,1.32673,-0.28909,-0.43507,0.59661,-0.74705,-0.26024,0.72841,-0.98591,-0.43356,0.78690,-1.18345,-0.54365,0.83663,-1.37066,-0.62717,0.31419,-0.89986,-0.30257,0.41348,-0.48357,-0.54150,0.37938,-0.21948,-0.59638,0.32012,-0.11486,-0.60183,0.03042,-0.85650,-0.34935,0.14453,-0.33549,-0.55235,0.15457,-0.12742,-0.53065,0.14463,-0.07063,-0.48199,-0.22410,-0.72648,-0.41073,-0.11407,-0.33114,-0.53863,-0.03613,-0.14802,-0.52284,0.01090,-0.09440,-0.48195
paul,L,0.00000,0.00000,0.00000,0.37634,-0.05673,-0.11282,0.75995,-0.23111,-0.22675,1.07094,-0.30089,-0.34768,1.35094,-0.27708,-0.46901,0.59251,-0.73355,-0.29328,0.71462,-0.96573,-0.48719,0.77177,-1.16203,-0.60436,0.81901,-1.35156,-0.69097,0.30423,-0.89356,-0.33014,0.38875,-0.45486,-0.57714,0.36655,-0.19233,-0.61553,0.31298,-0.11288,-0.60956,0.01429,-0.85216,-0.37414,0.12694,-0.31051,-0.58706,0.14067,-0.11976,-0.54756,0.12463,-0.10509,-0.48642,-0.24201,-0.72368,-0.43341,-0.13188,-0.30537,-0.57030,-0.06140,-0.13980,-0.54975,-0.03581,-0.12834,-0.50502
paul,L,0.00000,0.00000,0.00000,0.38532,-0.04905,-0.12033,0.77752,-0.22597,-0.23331,1.09570,-0.28460,-0.35284,1.38038,-0.25699,-0.47104,0.57460,-0.72429,-0.30395,0.67292,-0.96523,-0.49422,0.71795,-1.17183,-0.61081,0.75939,-1.36821,-0.70034,0.26698,-0.90250,-0.33796,0.33152,-0.41119,-0.58577,0.33436,-0.16687,-0.63171,0.30378,-0.09294,-0.63311,-0.03489,-0.86152,-0.37866,0.05998,-0.25303,-0.58254,0.08950,-0.08848,-0.54658,0.09311,-0.09766,-0.49273,-0.29697,-0.72696,-0.43733,-0.20656,-0.25985,-0.57389,-0.12097,-0.11246,-0.56101,-0.07971,-0.12173,-0.52388
paul,L,0.00000,0.00000,0.00000,0.40650,-0.02185,-0.12812,0.83280,-0.20114,-0.23464,1.16238,-0.24730,-0.34481,1.44207,-0.21829,-0.45359,0.57924,-0.69925,-0.34370,0.64125,-0.95513,-0.52909,0.66400,-1.17415,-0.64058,0.69867,-1.36570,-0.72761,0.22994,-0.89956,-0.37137,0.25407,-0.32704,-0.62173,0.28445,-0.09610,-0.66201,0.29588,-0.01227,-0.66237,-0.10301,-0.86230,-0.40387,-0.02743,-0.19233,-0.59341,0.01862,-0.06541,-0.54506,0.04428,-0.08312,-0.49145,-0.39310,-0.72659,-0.45859,-0.30879,-0.22358,-0.60265,-0.20644,-0.08913,-0.59708,-0.13809,-0.09749,-0.56627
paul,L,0.00000,0.00000,0.00000,0.41398,-0.01672,-0.13597,0.85467,-0.20382,-0.24483,1.19127,-0.23694,-0.35575,1.48106,-0.20394,-0.46308,0.57780,-0.69733,-0.34983,0.61569,-0.91548,-0.54397,0.61569,-1.11495,-0.66108,0.63450,-1.29206,-0.75119,0.23045,-0.89866,-0.37323,0.22570,-0.28715,-0.60990,0.26811,-0.09362,-0.63958,0.30457,-0.05449,-0.63937,-0.10287,-0.86181,-0.40515,-0.05625,-0.16779,-0.58811,0.00871,-0.05278,-0.52985,0.06466,-0.09061,-0.47339,-0.39118,-0.73276,-0.46194,-0.33144,-0.19726,-0.60949,-0.23035,-0.06818,-0.60471,-0.15061,-0.09225,-0.57484
paul,L,0.00000,0.00000,0.00000,0.40393,-0.00736,-0.13339,0.85508,-0.19815,-0.24028,1.19398,-0.23457,-0.35223,1.48593,-0.19546,-0.45870,0.57075,-0.68342,-0.34504,0.60062,-0.94041,-0.54844,0.58797,-1.13785,-0.66746,0.59964,-1.29156,-0.75123,0.21430,-0.90557,-0.36608,0.20569,-0.26493,-0.59496,0.24560,-0.09564,-0.60953,0.26883,-0.06288,-0.59582,-0.12537,-0.86671,-0.39831,-0.08974,-0.16180,-0.57302,-0.03430,-0.07712,-0.48941,0.01034,-0.13308,-0.41207,-0.42082,-0.73218,-0.45660,-0.36834,-0.20046,-0.59666,-0.28386,-0.09631,-0.57593,-0.22720,-0.14108,-0.52965
paul,L,0.00000,0.00000,0.00000,0.41414,-0.01313,-0.13030,0.86020,-0.20041,-0.23521,1.19676,-0.23259,-0.34519,1.48783,-0.19433,-0.45144,0.57323,-0.68932,-0.34367,0.60120,-0.93435,-0.54471,0.59797,-1.12861,-0.66298,0.61755,-1.29002,-0.74843,0.21817,-0.90394,-0.36782,0.21344,-0.28447,-0.60198,0.25075,-0.08692,-0.62363,0.27507,-0.04348,-0.61467,-0.12216,-0.86716,-0.40136,-0.08260,-0.17454,-0.58791,-0.02669,-0.06519,-0.52185,0.02155,-0.10849,-0.45574,-0.41652,-0.73488,-0.45839,-0.36023,-0.20893,-0.60802,-0.26256,-0.07753,-0.59544,-0.18909,-0.09742,-0.55571
paul,L,0.00000,0.00000,0.00000,0.42406,-0.01809,-0.13636,0.86546,-0.18651,-0.24863,1.20079,-0.20711,-0.36452,1.48469,-0.16422,-0.47824,0.57105,-0.69192,-0.35800,0.59311,-0.93847,-0.55440,0.59416,-1.14748,-0.67179,0.61222,-1.32941,-0.75931,0.21501,-0.89886,-0.38186,0.20474,-0.28378,-0.61783,0.24467,-0.06231,-0.64395,0.27234,-0.00122,-0.63808,-0.12670,-0.85775,-0.41253,-0.08563,-0.15654,-0.59806,-0.02021,-0.03202,-0.53416,0.03466,-0.05963,-0.46949,-0.42320,-0.71770,-0.46739,-0.37217,-0.19809,-0.61553,-0.25648,-0.05427,-0.60061,-0.16593,-0.05183,-0.55891
paul,L,0.00000,0.00000,0.00000,0.39550,-0.03986,-0.14921,0.81403,-0.20242,-0.25995,1.13329,-0.22307,-0.37123,1.39561,-0.17560,-0.48173,0.54058,-0.75009,-0.31656,0.55022,-1.05605,-0.48274,0.52819,-1.28341,-0.57311,0.52788,-1.47227,-0.64360,0.21259,-0.91929,-0.33124,0.21531,-0.49233,-0.58048,0.22516,-0.20501,-0.62121,0.24154,-0.06690,-0.60876,-0.09801,-0.88191,-0.35232,-0.06233,-0.32627,-0.55324,-0.01184,-0.12019,-0.51081,0.04578,-0.06069,-0.44484,-0.37503,-0.76296,-0.39568,-0.34574,-0.34512,-0.54124,-0.22221,-0.14692,-0.53119,-0.10682,-0.07942,-0.48707
paul,L,0.00000,0.00000,0.00000,0.37141,-0.07450,-0.16326,0.74695,-0.22688,-0.28127,1.05953,-0.23832,-0.39844,1.29659,-0.16213,-0.51876,0.47891,-0.79769,-0.28749,0.48826,-1.13773,-0.43752,0.47209,-1.39721,-0.52199,0.46307,-1.62249,-0.58616,0.19905,-0.93642,-0.28895,0.15202,-0.70766,-0.52283,0.14492,-0.38817,-0.55832,0.15316,-0.19087,-0.53520,-0.06743,-0.92233,-0.29782,-0.10713,-0.56727,-0.48244,-0.05467,-0.31942,-0.44105,0.01641,-0.19388,-0.36879,-0.30586,-0.84762,-0.32896,-0.32540,-0.56354,-0.43383,-0.23036,-0.34585,-0.40012,-0.13093,-0.24230,-0.34043
paul,L,0.00000,0.00000,0.00000,0.36375,-0.06710,-0.19692,0.73822,-0.22388,-0.33106,1.05919,-0.24861,-0.46000,1.29870,-0.16298,-0.59184,0.49154,-0.82007,-0.27974,0.51560,-1.20732,-0.44164,0.50837,-1.48060,-0.53914,0.49430,-1.71527,-0.60926,0.23130,-0.93474,-0.26973,0.13540,-0.82345,-0.52223,0.13304,-0.49345,-0.56968,0.15623,-0.27633,-0.54798,-0.02454,-0.92545,-0.27286,-0.09451,-0.69445,-0.47911,-0.04495,-0.42421,-0.43787,0.02119,-0.27222,-0.35640,-0.25844,-0.86773,-0.29971,-0.30633,-0.70116,-0.41496,-0.23048,-0.47984,-0.37116,-0.14587,-0.36315,-0.29907
paul,L,0.00000,0.00000,0.00000,0.38846,-0.05743,-0.23952,0.79058,-0.23029,-0.38593,1.14177,-0.26193,-0.52241,1.38868,-0.16313,-0.66175,0.53622,-0.86218,-0.29788,0.58063,-1.34080,-0.48387,0.58184,-1.64589,-0.58959,0.56905,-1.89852,-0.66220,0.25225,-0.92724,-0.27677,0.16407,-0.99231,-0.59389,0.14415,-0.62369,-0.65658,0.15337,-0.36388,-0.62396,-0.01557,-0.90893,-0.27519,-0.09266,-0.82892,-0.55024,-0.04217,-0.50285,-0.51645,0.01635,-0.30493,-0.41612,-0.26116,-0.85524,-0.29730,-0.30499,-0.79296,-0.46731,-0.22435,-0.53492,-0.43362,-0.13714,-0.38644,-0.35522
paul,L,0.00000,0.00000,0.00000,0.40563,-0.05815,-0.26414,0.81711,-0.24476,-0.41352,1.18030,-0.28364,-0.54975,1.44177,-0.19446,-0.68966,0.55574,-0.90423,-0.28556,0.61515,-1.40835,-0.48354,0.62548,-1.73429,-0.60199,0.61692,-1.99683,-0.68314,0.26042,-0.92896,-0.26308,0.17224,-1.11026,-0.62290,0.14849,-0.72087,-0.70779,0.15752,-0.42484,-0.67524,-0.01234,-0.88337,-0.26475,-0.09472,-0.93453,-0.59083,-0.04636,-0.57782,-0.56523,0.01044,-0.35621,-0.45220,-0.25895,-0.80826,-0.28928,-0.30507,-0.86691,-0.50441,-0.23611,-0.59431,-0.47401,-0.15537,-0.43045,-0.38762
paul,L,0.00000,0.00000,0.00000,0.40940,-0.06721,-0.25433,0.81765,-0.25163,-0.39240,1.17916,-0.30839,-0.51991,1.44558,-0.23085,-0.65222,0.57908,-0.91882,-0.24188,0.65736,-1.39853,-0.42684,0.67199,-1.71523,-0.54407,0.66997,-1.97131,-0.62689,0.29186,-0.92952,-0.22541,0.20641,-1.17693,-0.56996,0.16760,-0.80574,-0.66211,0.17159,-0.50475,-0.63602,0.02734,-0.87551,-0.23467,-0.06569,-0.99031,-0.55467,-0.02985,-0.64088,-0.53888,0.02529,-0.41244,-0.43164,-0.21205,-0.79135,-0.26557,-0.26847,-0.92471,-0.47695,-0.21187,-0.67045,-0.44886,-0.13455,-0.50346,-0.36598
paul,L,0.00000,0.00000,0.00000,0.41026,-0.06322,-0.25326,0.81437,-0.24539,-0.38456,1.18693,-0.32207,-0.50498,1.46478,-0.25439,-0.62909,0.59067,-0.90997,-0.22275,0.68034,-1.37097,-0.39715,0.70025,-1.68156,-0.50576,0.70712,-1.93057,-0.58237,0.30850,-0.92900,-0.20442,0.21561,-1.20259,-0.53381,0.16246,-0.84800,-0.61996,0.16686,-0.54996,-0.58994,0.04881,-0.88244,-0.21324,-0.05740,-0.99823,-0.52568,-0.03542,-0.65917,-0.51576,0.02071,-0.43611,-0.41216,-0.18405,-0.80522,-0.24355,-0.25062,-0.93370,-0.44567,-0.20434,-0.68678,-0.42125,-0.12432,-0.52135,-0.34270
paul,L,0.00000,0.00000,0.00000,0.42176,-0.06863,-0.23967,0.84983,-0.26305,-0.36225,1.23386,-0.36400,-0.47443,1.51020,-0.31074,-0.59164,0.62119,-0.88894,-0.20170,0.71100,-1.33259,-0.36259,0.73303,-1.62961,-0.46717,0.74667,-1.86953,-0.54467,0.34327,-0.92011,-0.18858,0.26443,-1.22621,-0.50316,0.20730,-0.87515,-0.58953,0.20376,-0.57686,-0.56413,0.08266,-0.88249,-0.20030,-0.01862,-1.04985,-0.49996,-0.00656,-0.71126,-0.48528,0.03807,-0.48261,-0.38478,-0.15846,-0.80965,-0.23208,-0.22643,-0.96476,-0.42709,-0.18331,-0.71135,-0.39731,-0.11168,-0.53393,-0.31941
paul,L,0.00000,0.00000,0.00000,0.44872,-0.08028,-0.21629,0.89089,-0.26531,-0.32539,1.28076,-0.38461,-0.43024,1.57431,-0.34731,-0.54235,0.64537,-0.88771,-0.15389,0.73079,-1.31743,-0.30086,0.74781,-1.60353,-0.40044,0.76559,-1.83549,-0.47539,0.35980,-0.92070,-0.15117,0.29692,-1.25321,-0.45705,0.23990,-0.90243,-0.54844,0.23039,-0.59158,-0.52602,0.09448,-0.88153,-0.17226,0.00916,-1.07014,-0.47059,0.01309,-0.72652,-0.46071,0.04439,-0.48381,-0.36168,-0.15534,-0.80704,-0.21094,-0.20848,-0.97829,-0.40529,-0.16979,-0.72466,-0.37573,-0.10941,-0.53794,-0.29791
paul,L,0.00000,0.00000,0.00000,0.47152,-0.08439,-0.20331,0.92174,-0.24594,-0.31004,1.32782,-0.36121,-0.41881,1.63683,-0.34689,-0.53588,0.69446,-0.85998,-0.11851,0.79406,-1.28663,-0.26754,0.81109,-1.57408,-0.37306,0.83558,-1.80441,-0.45213,0.40496,-0.90551,-0.12675,0.36415,-1.26837,-0.42845,0.29155,-0.93590,-0.52763,0.26947,-0.63272,-0.51376,0.12623,-0.87423,-0.15981,0.05583,-1.10135,-0.46145,0.04640,-0.75538,-0.45005,0.07013,-0.50547,-0.35054,-0.14036,-0.80016,-0.20945,-0.18180,-0.99817,-0.40787,-0.15072,-0.74232,-0.37294,-0.10376,-0.54410,-0.29130
paul,L,0.00000,0.00000,0.00000,0.51491,-0.09356,-0.18080,0.98274,-0.23390,-0.26572,1.40276,-0.35004,-0.36313,1.71911,-0.33460,-0.47095,0.74883,-0.82009,-0.02692,0.85546,-1.22886,-0.16774,0.87126,-1.51135,-0.27982,0.90008,-1.73719,-0.36387,0.45333,-0.89021,-0.04496,0.44489,-1.28987,-0.34606,0.35694,-0.97272,-0.46337,0.31682,-0.66130,-0.45817,0.16610,-0.87813,-0.09009,0.11482,-1.14746,-0.39252,0.08232,-0.80428,-0.39026,0.08560,-0.53589,-0.29197,-0.12010,-0.81518,-0.15130,-0.14089,-1.03848,-0.34809,-0.12811,-0.78651,-0.31468,-0.10238,-0.57345,-0.23228
paul,L,0.00000,0.00000,0.00000,0.58529,-0.05666,-0.17169,1.09564,-0.16198,-0.24013,1.56562,-0.29200,-0.32871,1.92240,-0.29477,-0.42678,0.85538,-0.74334,0.06745,0.98427,-1.16592,-0.05956,1.01314,-1.46301,-0.17986,1.03912,-1.68818,-0.27005,0.53349,-0.84468,0.04362,0.58234,-1.29749,-0.25150,0.47124,-0.99786,-0.39157,0.38503,-0.67121,-0.40017,0.21801,-0.86801,-0.01150,0.20625,-1.19542,-0.30451,0.14408,-0.86272,-0.31044,0.11171,-0.56937,-0.21765,-0.10004,-0.84213,-0.08474,-0.08926,-1.10001,-0.26354,-0.10502,-0.85990,-0.22615,-0.10968,-0.63534,-0.14478
paul,L,0.00000,0.00000,0.00000,0.66932,-0.03900,-0.14772,1.20578,-0.11124,-0.18456,1.69777,-0.24520,-0.25535,2.06313,-0.27776,-0.33671,0.92138,-0.67589,0.22005,1.07824,-1.11299,0.13313,1.12845,-1.39883,0.00811,1.16476,-1.60112,-0.08979,0.57468,-0.79570,0.19131,0.67749,-1.25630,-0.06948,0.56375,-1.00145,-0.24832,0.44961,-0.67801,-0.29075,0.23933,-0.84613,0.12800,0.28022,-1.22215,-0.13455,0.19416,-0.91494,-0.16428,0.12751,-0.59688,-0.09358,-0.10242,-0.84285,0.04601,-0.04355,-1.12796,-0.10940,-0.07707,-0.91688,-0.07541,-0.11505,-0.67744,-0.00038
paul,L,0.00000,0.00000,0.00000,0.67189,-0.02370,-0.16974,1.22281,-0.09351,-0.21868,1.73058,-0.23298,-0.29792,2.11763,-0.29830,-0.38788,0.92978,-0.65970,0.20663,1.11160,-1.07344,0.11544,1.17421,-1.32497,-0.01462,1.21774,-1.49351,-0.11554,0.58593,-0.78802,0.18897,0.72243,-1.22463,-0.06277,0.60142,-0.98037,-0.24553,0.46652,-0.66846,-0.29773,0.24900,-0.84628,0.13393,0.31579,-1.21782,-0.12398,0.22410,-0.91030,-0.15870,0.14171,-0.59009,-0.09667,-0.10186,-0.85310,0.05909,-0.02839,-1.13425,-0.09886,-0.05904,-0.91615,-0.07099,-0.10317,-0.66881,-0.00228
paul,L,0.00000,0.00000,0.00000,0.67294,-0.02867,-0.15554,1.20173,-0.10154,-0.19038,1.69859,-0.25234,-0.25780,2.07849,-0.31993,-0.33452,0.92734,-0.63408,0.25661,1.12935,-1.01881,0.18742,1.19250,-1.22937,0.06796,1.23424,-1.37457,-0.02657,0.59379,-0.76672,0.24403,0.72450,-1.18461,0.01505,0.59770,-0.96435,-0.16846,0.46421,-0.67978,-0.22464,0.26632,-0.83370,0.19368,0.32594,-1.19878,-0.03969,0.22955,-0.92121,-0.08425,0.15234,-0.61937,-0.03323,-0.07430,-0.84879,0.12474,-0.01266,-1.12571,-0.01426,-0.04426,-0.93115,0.00766,-0.08038,-0.69017,0.06998
paul,L,0.00000,0.00000,0.00000,0.67533,-0.03323,-0.11229,1.18499,-0.10687,-0.11847,1.67607,-0.26121,-0.16643,2.04668,-0.31952,-0.22471,0.90917,-0.59945,0.36773,1.11895,-0.96199,0.34052,1.18855,-1.15992,0.23011,1.23773,-1.30735,0.13447,0.58041,-0.73732,0.34566,0.72945,-1.14042,0.14338,0.61097,-0.93665,-0.06374,0.46976,-0.65035,-0.13907,0.26107,-0.81562,0.28891,0.33666,-1.19215,0.09910,0.25424,-0.93369,0.02954,0.18364,-0.62701,0.05404,-0.08086,-0.83895,0.21626,-0.01530,-1.11130,0.11816,-0.03205,-0.94023,0.13027,-0.05635,-0.69828,0.17743
paul,L,0.00000,0.00000,0.00000,0.66930,-0.04065,-0.08280,1.17061,-0.11029,-0.06592,1.64519,-0.26452,-0.09333,2.00252,-0.32699,-0.12991,0.89400,-0.54736,0.44353,1.09913,-0.85384,0.45193,1.17313,-1.03076,0.35609,1.23299,-1.17567,0.26711,0.58327,-0.69310,0.42356,0.74372,-1.05875,0.26280,0.62653,-0.87644,0.05393,0.48410,-0.60915,-0.02863,0.28402,-0.78250,0.37055,0.36902,-1.13485,0.22243,0.28069,-0.89687,0.14136,0.20732,-0.60366,0.14995,-0.04051,-0.81368,0.30462,0.02861,-1.06024,0.24259,0.00873,-0.89930,0.25304,-0.01931,-0.66223,0.29358
paul,L,0.00000,0.00000,0.00000,0.66981,-0.03552,-0.08194,1.16728,-0.09274,-0.06234,1.64304,-0.24266,-0.08907,2.00860,-0.32226,-0.12553,0.88782,-0.51623,0.48417,1.09539,-0.79664,0.49908,1.17160,-0.96368,0.40065,1.23731,-1.11157,0.30725,0.58247,-0.66791,0.46327,0.74928,-1.03219,0.30822,0.63324,-0.85653,0.08954,0.48997,-0.59605,-0.00182,0.28861,-0.76268,0.40737,0.38075,-1.11783,0.26173,0.28812,-0.87507,0.17918,0.21482,-0.58464,0.18627,-0.03185,-0.79127,0.33827,0.04969,-1.04144,0.27969,0.02125,-0.87925,0.29363,-0.01313,-0.64607,0.33557
paul,L,0.00000,0.00000,0.00000,0.64668,-0.04255,-0.02578,1.10330,-0.08286,0.02679,1.54002,-0.21779,0.02530,1.87735,-0.29209,0.01535,0.83444,-0.45520,0.61083,1.03491,-0.69981,0.68580,1.11025,-0.85080,0.61546,1.17483,-0.98831,0.53659,0.55148,-0.59704,0.58259,0.72711,-0.94348,0.49545,0.62546,-0.78758,0.27758,0.49227,-0.54653,0.17710,0.28083,-0.69455,0.52381,0.38974,-1.01755,0.44687,0.29557,-0.79466,0.35883,0.22257,-0.52456,0.34838,-0.01619,-0.72098,0.45568,0.07490,-0.95842,0.46031,0.04731,-0.81398,0.48527,0.01055,-0.59906,0.52462
paul,L,0.00000,0.00000,0.00000,0.64231,-0.05266,-0.01791,1.08781,-0.09076,0.03881,1.51076,-0.21216,0.03817,1.83891,-0.28429,0.02733,0.80617,-0.44241,0.64431,1.00598,-0.67010,0.74273,1.08616,-0.81386,0.68708,1.16329,-0.95065,0.61505,0.53186,-0.58062,0.61645,0.69575,-0.91636,0.55639,0.60855,-0.76477,0.34525,0.48945,-0.52599,0.24391,0.26993,-0.67754,0.55783,0.38310,-0.99674,0.50641,0.29684,-0.77775,0.41527,0.22893,-0.50912,0.39585,-0.01358,-0.70245,0.48972,0.07697,-0.93966,0.51144,0.04545,-0.80397,0.53361,0.00251,-0.59592,0.56669
paul,L,0.00000,0.00000,0.00000,0.65644,-0.03618,-0.01407,1.11049,-0.09086,0.03361,1.55516,-0.23170,0.02322,1.90292,-0.29625,-0.00115,0.81789,-0.47455,0.61268,1.02204,-0.72555,0.70167,1.10358,-0.87358,0.64399,1.17890,-1.01403,0.57005,0.53230,-0.61813,0.57842,0.68663,-0.97691,0.50896,0.59714,-0.80876,0.30815,0.48216,-0.55984,0.21496,0.25937,-0.71322,0.51495,0.35710,-1.05366,0.45590,0.27779,-0.81121,0.37649,0.22051,-0.53513,0.36528,-0.04042,-0.73652,0.44278,0.04246,-0.98311,0.45682,0.01175,-0.82346,0.48373,-0.02649,-0.60118,0.52045
paul,L,0.00000,0.00000,0.00000,0.65915,-0.04182,-0.03602,1.13125,-0.09838,-0.00242,1.59677,-0.23925,-0.02493,1.95335,-0.31292,-0.06135,0.84046,-0.50579,0.55901,1.03992,-0.76534,0.62086,1.11720,-0.91551,0.55541,1.18425,-1.05346,0.48065,0.54183,-0.65695,0.52425,0.68524,-1.02791,0.42851,0.59530,-0.84108,0.23738,0.48624,-0.57909,0.15582,0.25983,-0.74704,0.45747,0.33973,-1.09346,0.36543,0.26455,-0.82764,0.29739,0.21031,-0.54284,0.30200,-0.05175,-0.76872,0.38043,0.01602,-1.01807,0.36473,-0.01409,-0.84508,0.39304,-0.04534,-0.61807,0.43660
paul,L,0.00000,0.00000,0.00000,0.65213,-0.05315,-0.05856,1.13296,-0.12100,-0.04293,1.60620,-0.26660,-0.08004,1.96567,-0.33998,-0.13030,0.83153,-0.56607,0.49826,1.02871,-0.84012,0.52380,1.10977,-0.98785,0.44131,1.17666,-1.12180,0.35949,0.53048,-0.71000,0.46313,0.67845,-1.08889,0.32765,0.58353,-0.87573,0.13771,0.46873,-0.60437,0.06568,0.24009,-0.79416,0.39418,0.31502,-1.14820,0.26182,0.24124,-0.86343,0.20267,0.18433,-0.57207,0.22396,-0.07922,-0.81155,0.31360,-0.01119,-1.06471,0.26520,-0.03463,-0.87369,0.29525,-0.06444,-0.64064,0.34751
paul,L,0.00000,0.00000,0.00000,0.65067,-0.05295,-0.09563,1.13551,-0.14480,-0.11316,1.62830,-0.28645,-0.17711,2.00316,-0.32601,-0.25172,0.84958,-0.64780,0.36230,1.04999,-0.97459,0.31232,1.11765,-1.10061,0.19604,1.14935,-1.18595,0.10487,0.53300,-0.77862,0.33115,0.66259,-1.15640,0.13160,0.55633,-0.90077,-0.04933,0.43817,-0.62128,-0.10567,0.22285,-0.84464,0.26303,0.28441,-1.19193,0.07279,0.21522,-0.88308,0.03120,0.16453,-0.59020,0.07660,-0.10992,-0.85266,0.18068,-0.05178,-1.10132,0.08634,-0.06367,-0.89033,0.11816,-0.08050,-0.65252,0.18146
paul,L,0.00000,0.00000,0.00000,0.66102,-0.05833,-0.12400,1.15522,-0.14361,-0.15604,1.64606,-0.29504,-0.23071,2.01593,-0.33911,-0.31357,0.87251,-0.67509,0.30806,1.06472,-1.05551,0.22495,1.11777,-1.21007,0.09338,1.12155,-1.27314,0.00164,0.52967,-0.79951,0.28325,0.64598,-1.20954,0.05440,0.53624,-0.95174,-0.12703,0.41670,-0.63993,-0.17621,0.20463,-0.85646,0.21833,0.26175,-1.22070,0.00144,0.18952,-0.92177,-0.03896,0.13590,-0.60643,0.01483,-0.13518,-0.85847,0.13594,-0.08075,-1.13147,0.01681,-0.09237,-0.93283,0.04327,-0.10436,-0.68642,0.10926
paul,L,0.00000,0.00000,0.00000,0.66817,-0.05180,-0.14179,1.17376,-0.14143,-0.17808,1.67338,-0.29979,-0.25303,2.04700,-0.34657,-0.33480,0.87264,-0.69287,0.27536,1.05165,-1.10482,0.17428,1.10050,-1.27287,0.02954,1.10960,-1.34124,-0.07043,0.52077,-0.81470,0.25508,0.63738,-1.24157,0.00244,0.53029,-0.97499,-0.18865,0.41219,-0.64484,-0.24177,0.18642,-0.86899,0.19390,0.24175,-1.24813,-0.04339,0.17146,-0.94426,-0.08757,0.11809,-0.61701,-0.03368,-0.16089,-0.87088,0.11339,-0.10008,-1.15172,-0.02243,-0.11343,-0.94282,-0.00024,-0.12926,-0.68851,0.06386
paul,L,0.00000,0.00000,0.00000,0.64995,-0.06550,-0.13380,1.15652,-0.16335,-0.16635,1.65053,-0.31435,-0.23863,2.01728,-0.33792,-0.32454,0.85511,-0.70210,0.26335,1.01232,-1.07067,0.18852,1.06949,-1.28119,0.06828,1.10876,-1.43400,-0.02641,0.51569,-0.82469,0.23228,0.61729,-1.25481,-0.01279,0.50926,-0.97003,-0.18221,0.39833,-0.64629,-0.21778,0.18359,-0.88069,0.16504,0.22578,-1.26360,-0.08380,0.15789,-0.92850,-0.11002,0.10100,-0.60042,-0.03727,-0.16297,-0.87717,0.08032,-0.10003,-1.17566,-0.06989,-0.11265,-0.94109,-0.03492,-0.13776,-0.68327,0.04227
paul,L,0.00000,0.00000,0.00000,0.62022,-0.04262,-0.18088,1.13668,-0.16794,-0.25005,1.60324,-0.30952,-0.34406,1.97092,-0.30739,-0.44799,0.82625,-0.77530,0.07407,0.97954,-1.19870,-0.09728,1.01470,-1.42675,-0.24859,1.01996,-1.54414,-0.34456,0.48243,-0.87457,0.04877,0.53941,-1.30198,-0.27466,0.42262,-0.95695,-0.41666,0.33208,-0.60130,-0.42035,0.14774,-0.90156,-0.01687,0.15544,-1.26250,-0.35005,0.08601,-0.87777,-0.35076,0.04891,-0.53996,-0.24312,-0.19706,-0.87731,-0.10104,-0.16465,-1.16897,-0.32363,-0.17330,-0.88544,-0.28937,-0.18217,-0.61990,-0.19891
paul,L,0.00000,0.00000,0.00000,0.55459,-0.07180,-0.20262,1.05218,-0.23642,-0.28702,1.48432,-0.37210,-0.38240,1.80565,-0.33405,-0.48943,0.72535,-0.83055,-0.02793,0.84865,-1.23828,-0.17272,0.89532,-1.51902,-0.28855,0.94927,-1.74445,-0.37883,0.41025,-0.91102,-0.04171,0.41728,-1.30518,-0.36473,0.32638,-0.92834,-0.48295,0.27704,-0.58801,-0.47373,0.10404,-0.91600,-0.08618,0.07336,-1.23246,-0.42125,0.03973,-0.83176,-0.40875,0.03301,-0.52265,-0.29512,-0.21236,-0.86964,-0.14827,-0.20876,-1.13266,-0.37449,-0.19177,-0.84143,-0.33828,-0.17870,-0.59662,-0.24894
paul,L,0.00000,0.00000,0.00000,0.52746,-0.07162,-0.20386,1.01096,-0.25091,-0.29277,1.42790,-0.38471,-0.38813,1.73165,-0.34110,-0.49451,0.69432,-0.85234,-0.06748,0.80627,-1.27386,-0.21296,0.84383,-1.56169,-0.32144,0.88700,-1.79461,-0.40585,0.38307,-0.92054,-0.07661,0.37170,-1.29304,-0.39751,0.28698,-0.90974,-0.50273,0.24920,-0.57756,-0.48549,0.08139,-0.91191,-0.11358,0.03985,-1.20345,-0.43821,0.01685,-0.81360,-0.41706,0.02176,-0.52402,-0.30187,-0.22783,-0.85452,-0.16801,-0.23242,-1.10883,-0.38474,-0.21169,-0.82874,-0.34440,-0.19101,-0.60048,-0.25405
paul,L,0.00000,0.00000,0.00000,0.44000,-0.06875,-0.25180,0.87654,-0.29486,-0.37693,1.26735,-0.40526,-0.48911,1.53885,-0.35599,-0.60735,0.56479,-0.91522,-0.22977,0.64947,-1.39493,-0.40300,0.68585,-1.71256,-0.51574,0.70250,-1.97272,-0.60090,0.26433,-0.94004,-0.21554,0.19447,-1.22427,-0.55579,0.15151,-0.81456,-0.64167,0.14525,-0.49249,-0.61300,-0.02289,-0.89399,-0.22613,-0.09387,-1.07640,-0.55019,-0.06395,-0.69260,-0.51345,-0.02655,-0.44259,-0.39310,-0.29535,-0.81275,-0.25745,-0.33383,-1.00306,-0.47241,-0.27317,-0.72563,-0.42750,-0.21664,-0.53155,-0.33446
paul,L,0.00000,0.00000,0.00000,0.43079,-0.07760,-0.25082,0.85498,-0.31348,-0.38312,1.23088,-0.39809,-0.50507,1.48073,-0.32591,-0.63554,0.52392,-0.94077,-0.25015,0.59469,-1.44167,-0.43200,0.61719,-1.76468,-0.55124,0.61021,-2.03350,-0.64044,0.22739,-0.94504,-0.23493,0.14362,-1.15489,-0.57674,0.13378,-0.74297,-0.66157,0.14244,-0.45356,-0.63873,-0.05437,-0.88644,-0.24363,-0.13598,-1.02507,-0.56332,-0.07300,-0.64522,-0.52368,-0.01888,-0.41698,-0.40810,-0.31838,-0.79994,-0.27383,-0.36101,-0.95792,-0.48922,-0.28093,-0.67523,-0.44298,-0.21291,-0.49556,-0.35081
paul,L,0.00000,0.00000,0.00000,0.40881,-0.07218,-0.25545,0.81656,-0.31181,-0.39604,1.17698,-0.39731,-0.52388,1.44005,-0.32765,-0.65618,0.49591,-0.94456,-0.28067,0.54551,-1.44981,-0.46407,0.55387,-1.76754,-0.57280,0.53963,-2.03004,-0.65124,0.19752,-0.94505,-0.26052,0.12910,-1.10690,-0.59456,0.13180,-0.71137,-0.66638,0.15121,-0.44449,-0.63720,-0.07858,-0.88262,-0.26300,-0.13013,-0.95662,-0.57668,-0.06280,-0.59046,-0.53495,-0.00288,-0.38487,-0.42019,-0.33090,-0.79550,-0.28699,-0.35069,-0.90451,-0.49400,-0.26185,-0.62964,-0.44646,-0.18510,-0.46891,-0.35411
paul,L,0.00000,0.00000,0.00000,0.40066,-0.06691,-0.25521,0.79119,-0.31283,-0.40297,1.14155,-0.40417,-0.53804,1.40419,-0.33233,-0.67652,0.45582,-0.94709,-0.30238,0.47921,-1.46775,-0.48784,0.47721,-1.79102,-0.59377,0.45643,-2.05068,-0.66799,0.16004,-0.94679,-0.27924,0.08495,-1.05512,-0.61239,0.09616,-0.66905,-0.67739,0.12053,-0.40381,-0.64508,-0.10931,-0.88509,-0.27796,-0.15704,-0.89269,-0.57727,-0.07819,-0.55131,-0.53556,-0.01047,-0.35456,-0.42624,-0.35650,-0.80016,-0.29977,-0.37758,-0.83814,-0.48872,-0.27524,-0.57763,-0.44448,-0.18219,-0.43054,-0.35780
paul,L,0.00000,0.00000,0.00000,0.38920,-0.06735,-0.25563,0.76915,-0.30388,-0.40724,1.10975,-0.39443,-0.54465,1.37206,-0.33095,-0.68518,0.43553,-0.93867,-0.31387,0.44441,-1.44903,-0.49621,0.43636,-1.76844,-0.60220,0.40962,-2.03006,-0.67765,0.14326,-0.94688,-0.28792,0.07557,-1.01360,-0.60796,0.08604,-0.63594,-0.67125,0.09980,-0.38392,-0.64318,-0.12187,-0.88557,-0.28240,-0.15402,-0.85031,-0.56886,-0.07299,-0.52378,-0.52938,-0.01167,-0.34064,-0.42646,-0.36355,-0.79863,-0.30019,-0.36830,-0.80170,-0.48188,-0.26279,-0.55141,-0.44034,-0.17532,-0.41411,-0.35737
paul,L,0.00000,0.00000,0.00000,0.39738,-0.06648,-0.25044,0.78344,-0.30188,-0.39784,1.12798,-0.37896,-0.53122,1.38061,-0.32097,-0.66845,0.44718,-0.93690,-0.31840,0.46306,-1.45087,-0.49559,0.46233,-1.77428,-0.59968,0.44058,-2.03687,-0.67463,0.15367,-0.94412,-0.29158,0.08000,-0.99018,-0.60469,0.08523,-0.61899,-0.66693,0.09565,-0.37179,-0.64155,-0.11144,-0.88220,-0.28338,-0.14124,-0.83730,-0.55996,-0.06090,-0.51626,-0.51976,-0.00260,-0.33254,-0.42084,-0.35131,-0.79394,-0.29857,-0.35019,-0.77645,-0.47859,-0.24416,-0.53064,-0.44074,-0.15411,-0.39384,-0.36130
paul,L,0.00000,0.00000,0.00000,0.38420,-0.06278,-0.24765,0.76973,-0.28632,-0.39542,1.10999,-0.35597,-0.52925,1.36137,-0.30269,-0.66641,0.44684,-0.92300,-0.31839,0.46383,-1.43203,-0.49830,0.46497,-1.75381,-0.60404,0.44345,-2.01419,-0.67999,0.16129,-0.94284,-0.29162,0.07548,-0.97532,-0.60301,0.08136,-0.60919,-0.66459,0.09855,-0.36633,-0.63977,-0.10313,-0.88848,-0.28388,-0.14960,-0.82430,-0.55778,-0.06428,-0.51599,-0.52107,0.00658,-0.34270,-0.42701,-0.34061,-0.80295,-0.29940,-0.34979,-0.75340,-0.48010,-0.23745,-0.51361,-0.44931,-0.13388,-0.38779,-0.37572
paul,L,0.00000,0.00000,0.00000,0.38643,-0.05836,-0.25059,0.77605,-0.28295,-0.39796,1.11752,-0.35390,-0.53118,1.37086,-0.29752,-0.66731,0.45546,-0.92835,-0.30695,0.47278,-1.43801,-0.48356,0.47229,-1.75609,-0.58668,0.45327,-2.01398,-0.66039,0.17298,-0.94456,-0.27908,0.09220,-0.98860,-0.59003,0.09253,-0.61514,-0.65246,0.10739,-0.36906,-0.62625,-0.08945,-0.88959,-0.27123,-0.13456,-0.84158,-0.55085,-0.05749,-0.52181,-0.51495,0.01024,-0.34611,-0.41755,-0.32831,-0.80739,-0.28608,-0.33867,-0.78348,-0.46972,-0.23500,-0.53543,-0.43522,-0.13897,-0.40422,-0.35710
paul,L,0.00000,0.00000,0.00000,0.39107,-0.05706,-0.25269,0.77916,-0.27544,-0.40250,1.12416,-0.34829,-0.53833,1.38433,-0.29151,-0.67731,0.46599,-0.92009,-0.31417,0.49362,-1.42523,-0.49377,0.49765,-1.74425,-0.59902,0.48003,-2.00227,-0.67374,0.17513,-0.94180,-0.28696,0.10450,-0.99081,-0.60270,0.09910,-0.62025,-0.66711,0.10280,-0.36651,-0.64130,-0.09002,-0.88956,-0.27942,-0.12535,-0.83908,-0.55976,-0.05345,-0.51798,-0.52380,0.00389,-0.33117,-0.42568,-0.33065,-0.80783,-0.29513,-0.33489,-0.78863,-0.47723,-0.23648,-0.54062,-0.44214,-0.14854,-0.40181,-0.36361
paul,L,0.00000,0.00000,0.00000,0.39278,-0.06073,-0.25414,0.78660,-0.28008,-0.40533,1.13449,-0.35143,-0.54222,1.40353,-0.29179,-0.68104,0.48616,-0.91520,-0.31494,0.52724,-1.42174,-0.50350,0.53618,-1.73997,-0.61011,0.52333,-1.99605,-0.68348,0.19367,-0.93702,-0.29067,0.13025,-1.01055,-0.62199,0.12005,-0.62611,-0.68569,0.12402,-0.36586,-0.65331,-0.07516,-0.88739,-0.28736,-0.11568,-0.85259,-0.58176,-0.05451,-0.52027,-0.53940,0.00098,-0.33363,-0.43098,-0.32148,-0.80956,-0.30701,-0.33749,-0.81797,-0.49321,-0.24621,-0.56467,-0.44924,-0.16392,-0.42585,-0.36205
paul,L,0.00000,0.00000,0.00000,0.38599,-0.05109,-0.20576,0.78912,-0.27907,-0.32482,1.11526,-0.37819,-0.43750,1.36223,-0.32471,-0.55375,0.53340,-0.89631,-0.26786,0.59600,-1.36886,-0.43720,0.60712,-1.67444,-0.53040,0.60221,-1.91783,-0.59293,0.24584,-0.93471,-0.25667,0.24456,-0.97748,-0.56044,0.23278,-0.60598,-0.61508,0.22586,-0.35268,-0.57946,-0.02574,-0.89398,-0.26092,-0.01794,-0.83562,-0.52972,0.02571,-0.50872,-0.48098,0.05978,-0.31132,-0.37210,-0.28445,-0.82048,-0.28453,-0.25546,-0.81368,-0.44954,-0.18315,-0.56794,-0.39942,-0.13300,-0.42522,-0.31031
paul,L,0.00000,0.00000,0.00000,0.38651,-0.05080,-0.17163,0.77538,-0.30198,-0.27365,1.08565,-0.42803,-0.37710,1.31909,-0.38471,-0.48575,0.53443,-0.89503,-0.24033,0.61761,-1.36631,-0.41214,0.64245,-1.67103,-0.51192,0.64956,-1.91853,-0.58113,0.25276,-0.93452,-0.25059,0.34496,-0.98407,-0.55891,0.31064,-0.61032,-0.61083,0.26026,-0.35780,-0.57456,-0.02252,-0.89393,-0.27438,0.06391,-0.88039,-0.55504,0.07980,-0.52839,-0.49253,0.07454,-0.30429,-0.37368,-0.29377,-0.81907,-0.31410,-0.20191,-0.82370,-0.49684,-0.13427,-0.56591,-0.44282,-0.10506,-0.40066,-0.34985
paul,L,0.00000,0.00000,0.00000,0.33478,-0.06265,-0.14778,0.64535,-0.29987,-0.24116,0.88085,-0.45067,-0.33490,1.08942,-0.43796,-0.42850,0.48481,-0.88861,-0.22054,0.57458,-1.28325,-0.38642,0.59158,-1.55834,-0.47486,0.59830,-1.78715,-0.53435,0.22890,-0.94466,-0.23499,0.40401,-0.93687,-0.51433,0.35930,-0.59070,-0.54739,0.29053,-0.36131,-0.50258,-0.01936,-0.91095,-0.26303,0.15819,-0.78456,-0.51564,0.14432,-0.47201,-0.45438,0.11130,-0.29035,-0.34410,-0.26090,-0.83324,-0.30650,-0.09655,-0.73680,-0.46239,-0.06030,-0.50250,-0.41717,-0.05818,-0.37292,-0.33792
paul,L,0.00000,0.00000,0.00000,0.33450,-0.07320,-0.14191,0.61567,-0.30498,-0.24580,0.82350,-0.45719,-0.35556,1.02102,-0.47961,-0.46526,0.45406,-0.88983,-0.21005,0.54744,-1.26411,-0.39015,0.56489,-1.52953,-0.49493,0.57282,-1.75761,-0.56554,0.21603,-0.94783,-0.23442,0.42361,-0.91668,-0.52683,0.37788,-0.56815,-0.57016,0.30100,-0.34497,-0.53163,-0.01747,-0.91215,-0.27336,0.19558,-0.77848,-0.53127,0.15238,-0.46435,-0.46910,0.09359,-0.29469,-0.35793,-0.25023,-0.83041,-0.32828,-0.06730,-0.72135,-0.47956,-0.05128,-0.49463,-0.42966,-0.06332,-0.38127,-0.34840
paul,L,0.00000,0.00000,0.00000,0.32985,-0.06848,-0.13563,0.59501,-0.29814,-0.24109,0.79415,-0.45621,-0.35288,0.99919,-0.48166,-0.46400,0.44224,-0.89202,-0.21232,0.52928,-1.27625,-0.38778,0.54632,-1.54311,-0.48803,0.55256,-1.76956,-0.55521,0.19913,-0.95128,-0.23541,0.40489,-0.90823,-0.52137,0.36767,-0.55324,-0.55905,0.29410,-0.32704,-0.51799,-0.03560,-0.91353,-0.27156,0.18177,-0.77414,-0.52732,0.15505,-0.45686,-0.46340,0.10378,-0.27971,-0.35122,-0.26666,-0.82860,-0.32225,-0.07407,-0.72554,-0.47496,-0.04690,-0.49414,-0.42389,-0.05675,-0.37383,-0.34098
paul,L,0.00000,0.00000,0.00000,0.32082,-0.08563,-0.13247,0.56695,-0.31351,-0.24274,0.75151,-0.47329,-0.36126,0.95207,-0.50779,-0.47870,0.40454,-0.90869,-0.20094,0.49354,-1.28042,-0.38088,0.51133,-1.54391,-0.48518,0.51888,-1.76996,-0.55464,0.16849,-0.95876,-0.22888,0.40416,-0.92407,-0.51585,0.36889,-0.57284,-0.55615,0.29095,-0.34713,-0.51646,-0.05614,-0.91417,-0.27110,0.19058,-0.77970,-0.52896,0.16220,-0.46981,-0.46807,0.10827,-0.29646,-0.35713,-0.27343,-0.82082,-0.32776,-0.05585,-0.72872,-0.48155,-0.03162,-0.50356,-0.43134,-0.04928,-0.38548,-0.34906
paul,L,0.00000,0.00000,0.00000,0.31375,-0.08921,-0.11871,0.55564,-0.31866,-0.22146,0.73705,-0.47932,-0.33561,0.93655,-0.51515,-0.44993,0.38060,-0.91669,-0.18214,0.47131,-1.29338,-0.35257,0.49252,-1.55358,-0.45177,0.50134,-1.78241,-0.51921,0.14691,-0.96546,-0.21518,0.39499,-0.93720,-0.48766,0.37082,-0.58396,-0.52479,0.29535,-0.36536,-0.48654,-0.07327,-0.91817,-0.26102,0.18951,-0.79348,-0.51106,0.16570,-0.47564,-0.44711,0.10865,-0.30111,-0.33603,-0.28774,-0.82086,-0.31970,-0.06432,-0.74493,-0.46938,-0.03243,-0.51908,-0.41414,-0.05053,-0.39845,-0.32915
paul,L,0.00000,0.00000,0.00000,0.31177,-0.09105,-0.11713,0.55302,-0.31730,-0.22322,0.73579,-0.47401,-0.34253,0.93328,-0.51661,-0.46225,0.37963,-0.91903,-0.18105,0.46969,-1.29611,-0.35348,0.48884,-1.55695,-0.45384,0.49771,-1.78769,-0.52176,0.14675,-0.96486,-0.21799,0.41170,-0.94231,-0.49525,0.38807,-0.59107,-0.53667,0.31168,-0.37331,-0.49954,-0.07261,-0.91548,-0.26741,0.20855,-0.79348,-0.52117,0.18207,-0.47365,-0.45948,0.12196,-0.29953,-0.34835,-0.28394,-0.81378,-0.32963,-0.05259,-0.73895,-0.48056,-0.01959,-0.51334,-0.42599,-0.03675,-0.39280,-0.34074
paul,L,0.00000,0.00000,0.00000,0.31949,-0.08587,-0.12037,0.56629,-0.31329,-0.22479,0.75511,-0.46817,-0.34141,0.95436,-0.50122,-0.45829,0.39196,-0.91748,-0.18198,0.47739,-1.29607,-0.35333,0.49191,-1.55714,-0.45374,0.49717,-1.78632,-0.52232,0.15558,-0.96396,-0.21580,0.40975,-0.94329,-0.49523,0.38762,-0.59496,-0.53887,0.31471,-0.37455,-0.50237,-0.06881,-0.91640,-0.26215,0.19693,-0.78816,-0.51418,0.17401,-0.46916,-0.45316,0.11973,-0.29248,-0.34231,-0.28661,-0.81738,-0.32193,-0.06440,-0.73413,-0.47044,-0.03212,-0.51193,-0.41772,-0.04785,-0.39551,-0.33405
paul,L,0.00000,0.00000,0.00000,0.34591,-0.07101,-0.13819,0.63400,-0.31011,-0.23953,0.85583,-0.46175,-0.34812,1.07151,-0.46772,-0.45724,0.44716,-0.90067,-0.19759,0.52447,-1.29101,-0.36888,0.53697,-1.55493,-0.46473,0.53899,-1.78022,-0.52953,0.20118,-0.95392,-0.22264,0.41642,-0.94044,-0.51479,0.37797,-0.58466,-0.55804,0.30084,-0.36496,-0.51685,-0.03857,-0.91759,-0.26158,0.17768,-0.80722,-0.52416,0.14392,-0.49076,-0.46686,0.08905,-0.32568,-0.35602,-0.27798,-0.83566,-0.31466,-0.09181,-0.74554,-0.47033,-0.06149,-0.51626,-0.42158,-0.06652,-0.40535,-0.33930
paul,L,0.00000,0.00000,0.00000,0.37320,-0.05764,-0.14724,0.70379,-0.30073,-0.24164,0.96492,-0.44200,-0.34195,1.18715,-0.41729,-0.44360,0.49572,-0.88524,-0.20187,0.58242,-1.29290,-0.37340,0.59457,-1.56748,-0.46813,0.60282,-1.79766,-0.53217,0.24403,-0.94425,-0.22099,0.41434,-0.95148,-0.52675,0.35495,-0.59781,-0.57386,0.27888,-0.36551,-0.53052,-0.00442,-0.91812,-0.25501,0.17134,-0.81921,-0.52949,0.13033,-0.49548,-0.47695,0.08149,-0.31526,-0.36360,-0.25635,-0.85049,-0.30409,-0.10215,-0.76214,-0.47082,-0.07834,-0.53342,-0.43108,-0.07545,-0.41552,-0.35169
paul,L,0.00000,0.00000,0.00000,0.38783,-0.04937,-0.17187,0.78674,-0.28538,-0.27172,1.11055,-0.39834,-0.37228,1.36167,-0.36765,-0.47619,0.55529,-0.87801,-0.22851,0.66179,-1.33561,-0.40065,0.69385,-1.62875,-0.49387,0.71409,-1.86983,-0.55625,0.28945,-0.92794,-0.23484,0.42421,-1.00675,-0.54675,0.35418,-0.63948,-0.59324,0.27612,-0.38779,-0.54810,0.02102,-0.90810,-0.25711,0.14239,-0.90237,-0.54273,0.11705,-0.55635,-0.48322,0.08401,-0.34089,-0.36128,-0.25092,-0.85450,-0.29470,-0.12945,-0.85341,-0.48331,-0.08788,-0.60251,-0.43946,-0.08023,-0.44268,-0.35124
paul,L,0.00000,0.00000,0.00000,0.41403,-0.03209,-0.21909,0.85175,-0.26141,-0.33905,1.22288,-0.36027,-0.45438,1.49644,-0.32325,-0.57634,0.59285,-0.90101,-0.25462,0.69611,-1.39618,-0.44277,0.72568,-1.71079,-0.55492,0.73724,-1.96929,-0.63250,0.29606,-0.92193,-0.24979,0.33651,-1.07650,-0.59887,0.28355,-0.67550,-0.67638,0.23739,-0.40221,-0.64568,0.00679,-0.88239,-0.26440,0.03610,-0.96166,-0.59252,0.04630,-0.57906,-0.54670,0.04533,-0.34626,-0.42296,-0.27915,-0.81945,-0.29594,-0.22973,-0.91798,-0.51703,-0.16682,-0.63708,-0.47009,-0.13674,-0.45933,-0.37244
paul,L,0.00000,0.00000,0.00000,0.41028,-0.05168,-0.25070,0.83704,-0.26743,-0.38994,1.20721,-0.35600,-0.51859,1.48279,-0.30637,-0.65144,0.57887,-0.88965,-0.28342,0.67181,-1.38756,-0.47955,0.70106,-1.71065,-0.59846,0.70657,-1.97434,-0.68116,0.27766,-0.92249,-0.26818,0.23414,-1.09426,-0.62305,0.19317,-0.70362,-0.70505,0.18035,-0.42533,-0.67612,-0.00865,-0.88839,-0.27511,-0.05133,-0.95731,-0.59922,-0.02170,-0.59342,-0.55940,0.01230,-0.37211,-0.44090,-0.27633,-0.82368,-0.30324,-0.28973,-0.92567,-0.51378,-0.22484,-0.65490,-0.46705,-0.16558,-0.48381,-0.37143
paul,L,0.00000,0.00000,0.00000,0.38790,-0.04298,-0.24978,0.78401,-0.24198,-0.38998,1.13781,-0.31348,-0.51697,1.40385,-0.24465,-0.64785,0.53918,-0.89819,-0.27368,0.61917,-1.37593,-0.44715,0.64455,-1.67568,-0.54907,0.64285,-1.92685,-0.62286,0.26134,-0.93272,-0.24844,0.17565,-1.05038,-0.56173,0.15213,-0.67921,-0.62908,0.15671,-0.43026,-0.60109,-0.00235,-0.89860,-0.24522,-0.07821,-0.91344,-0.53868,-0.02412,-0.56783,-0.50715,0.03589,-0.37125,-0.40442,-0.24144,-0.83413,-0.26337,-0.27642,-0.87851,-0.46102,-0.20108,-0.61271,-0.42784,-0.11960,-0.46039,-0.34624
paul,L,0.00000,0.00000,0.00000,0.38452,-0.04116,-0.25429,0.77873,-0.24272,-0.39753,1.13250,-0.30488,-0.52606,1.40144,-0.22932,-0.65800,0.52308,-0.90976,-0.28298,0.59691,-1.39532,-0.46027,0.62231,-1.69923,-0.56603,0.62290,-1.95330,-0.64410,0.24251,-0.93540,-0.25732,0.15873,-1.04124,-0.57838,0.13740,-0.65879,-0.64843,0.14565,-0.40847,-0.62375,-0.02568,-0.89210,-0.25434,-0.10446,-0.91465,-0.55848,-0.04325,-0.56277,-0.52750,0.02769,-0.36937,-0.42535,-0.27067,-0.82021,-0.27249,-0.30883,-0.88166,-0.48478,-0.22034,-0.60865,-0.45514,-0.12512,-0.45300,-0.37545
paul,L,0.00000,0.00000,0.00000,0.38481,-0.04907,-0.25521,0.77774,-0.25175,-0.40175,1.12558,-0.30875,-0.53321,1.38617,-0.22322,-0.66890,0.51047,-0.91306,-0.28786,0.56879,-1.40661,-0.46573,0.58873,-1.72005,-0.57140,0.58225,-1.98220,-0.65057,0.23571,-0.93588,-0.26187,0.12317,-1.04281,-0.57929,0.10692,-0.65382,-0.64420,0.12783,-0.40549,-0.61725,-0.02737,-0.89226,-0.25900,-0.12441,-0.91448,-0.56293,-0.05968,-0.56190,-0.52830,0.02066,-0.37645,-0.42417,-0.26560,-0.81977,-0.27732,-0.32197,-0.88897,-0.49180,-0.23021,-0.61735,-0.46139,-0.12440,-0.46496,-0.38152
paul,L,0.00000,0.00000,0.00000,0.37824,-0.06928,-0.24824,0.75509,-0.27961,-0.39336,1.08924,-0.34131,-0.52475,1.34668,-0.25903,-0.66037,0.46182,-0.93334,-0.28628,0.49659,-1.42967,-0.45831,0.50234,-1.74260,-0.56047,0.48813,-2.00470,-0.63823,0.19042,-0.94587,-0.26281,0.05237,-1.04441,-0.56990,0.05542,-0.66266,-0.63214,0.09497,-0.41864,-0.60717,-0.06525,-0.89230,-0.26127,-0.17776,-0.91459,-0.55333,-0.09615,-0.57104,-0.51841,-0.00460,-0.38851,-0.41827,-0.29309,-0.81045,-0.28126,-0.36930,-0.87818,-0.48917,-0.26404,-0.61762,-0.46136,-0.14396,-0.46891,-0.38576
paul,L,0.00000,0.00000,0.00000,0.37351,-0.05993,-0.25702,0.74011,-0.27295,-0.40337,1.07371,-0.32770,-0.53474,1.33956,-0.25080,-0.67005,0.44438,-0.93760,-0.29533,0.46409,-1.44135,-0.47228,0.46061,-1.76293,-0.57675,0.44218,-2.02589,-0.65444,0.18441,-0.94645,-0.26501,0.01946,-1.03315,-0.57431,0.02859,-0.65631,-0.63442,0.08713,-0.41508,-0.60856,-0.06431,-0.89179,-0.25822,-0.20694,-0.90478,-0.54962,-0.12413,-0.57194,-0.51379,-0.01998,-0.39345,-0.41472,-0.28906,-0.81198,-0.27437,-0.38865,-0.87209,-0.48344,-0.28856,-0.62156,-0.45826,-0.16384,-0.48042,-0.38499
paul,L,0.00000,0.00000,0.00000,0.36998,-0.06395,-0.26438,0.73668,-0.26913,-0.41550,1.06986,-0.30856,-0.55044,1.32298,-0.22779,-0.68838,0.43809,-0.93866,-0.30511,0.45445,-1.44798,-0.48585,0.45066,-1.77478,-0.58788,0.42705,-2.04181,-0.66248,0.17382,-0.94650,-0.27190,0.00296,-1.03914,-0.58810,0.01809,-0.65649,-0.64586,0.07566,-0.41357,-0.61505,-0.07336,-0.89252,-0.26287,-0.22074,-0.90781,-0.56212,-0.13057,-0.56681,-0.52521,-0.02618,-0.38822,-0.42172,-0.29335,-0.81421,-0.27699,-0.40204,-0.87176,-0.49415,-0.29733,-0.61483,-0.47174,-0.17108,-0.47495,-0.39791
paul,L,0.00000,0.00000,0.00000,0.35895,-0.06042,-0.27181,0.71588,-0.25166,-0.43723,1.04520,-0.27875,-0.58667,1.30019,-0.19631,-0.73909,0.43508,-0.93080,-0.32883,0.44464,-1.44465,-0.51951,0.43915,-1.77208,-0.62806,0.41609,-2.04035,-0.70551,0.16867,-0.94023,-0.29584,0.00021,-1.01513,-0.61930,0.01790,-0.63463,-0.68006,0.07530,-0.39152,-0.65226,-0.08120,-0.88819,-0.28698,-0.22734,-0.89341,-0.58655,-0.13273,-0.55732,-0.54795,-0.02649,-0.37547,-0.44494,-0.30272,-0.81187,-0.30239,-0.41165,-0.86860,-0.51260,-0.30637,-0.61895,-0.48454,-0.18149,-0.48054,-0.40819
paul,L,0.00000,0.00000,0.00000,0.35362,-0.05494,-0.26982,0.70450,-0.22800,-0.44144,1.02592,-0.23860,-0.60066,1.27416,-0.14092,-0.76390,0.42811,-0.92823,-0.32005,0.44052,-1.43364,-0.51237,0.43378,-1.75973,-0.62257,0.41429,-2.02359,-0.69946,0.17019,-0.94185,-0.28973,-0.01580,-0.99446,-0.61017,0.00248,-0.62554,-0.67610,0.06915,-0.38856,-0.65230,-0.07498,-0.89140,-0.28320,-0.23720,-0.88051,-0.57714,-0.14171,-0.55524,-0.54233,-0.02742,-0.37359,-0.44291,-0.29277,-0.81351,-0.30152,-0.41686,-0.85262,-0.50393,-0.31282,-0.60693,-0.47370,-0.18129,-0.46687,-0.39556
paul,L,0.00000,0.00000,0.00000,0.34173,-0.05144,-0.27442,0.66776,-0.20412,-0.46398,0.96834,-0.19378,-0.64172,1.20471,-0.08327,-0.82429,0.40113,-0.90880,-0.35099,0.39650,-1.41471,-0.54859,0.38486,-1.74303,-0.66238,0.36495,-2.00660,-0.74069,0.14749,-0.93557,-0.32087,-0.05451,-0.93839,-0.63461,-0.03547,-0.58289,-0.69686,0.03943,-0.35912,-0.67592,-0.09227,-0.89105,-0.31369,-0.26463,-0.84622,-0.59426,-0.16437,-0.54033,-0.55739,-0.04249,-0.36818,-0.46391,-0.29804,-0.81840,-0.33319,-0.43427,-0.82688,-0.52208,-0.33212,-0.59288,-0.48817,-0.19593,-0.46034,-0.41141
paul,L,0.00000,0.00000,0.00000,0.33136,-0.03159,-0.30406,0.63293,-0.15726,-0.51925,0.92019,-0.14123,-0.72175,1.15648,-0.02155,-0.92823,0.37788,-0.90223,-0.37575,0.34401,-1.43140,-0.58879,0.31634,-1.77395,-0.71175,0.29103,-2.04847,-0.79457,0.12850,-0.93232,-0.33803,-0.13659,-0.92629,-0.67147,-0.10301,-0.56476,-0.73814,0.00066,-0.33882,-0.71465,-0.10554,-0.89247,-0.32718,-0.32340,-0.84513,-0.62398,-0.21518,-0.53596,-0.58921,-0.07500,-0.35684,-0.49178,-0.30025,-0.82619,-0.34665,-0.47313,-0.83262,-0.54837,-0.37439,-0.59883,-0.51918,-0.22815,-0.46295,-0.44151
paul,L,0.00000,0.00000,0.00000,0.33134,-0.02143,-0.32187,0.61566,-0.13460,-0.55086,0.89990,-0.11151,-0.76513,1.13214,0.00778,-0.98266,0.37685,-0.89942,-0.39631,0.32276,-1.43051,-0.62358,0.29204,-1.77812,-0.75585,0.26566,-2.05717,-0.84358,0.13256,-0.92640,-0.35245,-0.15334,-0.91563,-0.69773,-0.11977,-0.54615,-0.76156,-0.00885,-0.32268,-0.73354,-0.09817,-0.88354,-0.33826,-0.33190,-0.84135,-0.64708,-0.22088,-0.52689,-0.60739,-0.07670,-0.34449,-0.50440,-0.28632,-0.81540,-0.35616,-0.46598,-0.81720,-0.56905,-0.37085,-0.58342,-0.54162,-0.22634,-0.45235,-0.46374
paul,L,0.00000,0.00000,0.00000,0.33098,-0.01949,-0.32840,0.61471,-0.12976,-0.56193,0.89901,-0.10061,-0.78017,1.13174,0.02875,-1.00200,0.37293,-0.90246,-0.40686,0.31724,-1.44992,-0.63685,0.28592,-1.80198,-0.77160,0.25832,-2.08766,-0.86121,0.12718,-0.92306,-0.36301,-0.16537,-0.92483,-0.71762,-0.13530,-0.55143,-0.78606,-0.02782,-0.32122,-0.75917,-0.10037,-0.87586,-0.34862,-0.33953,-0.84160,-0.65830,-0.22928,-0.52380,-0.61556,-0.08637,-0.33309,-0.50930,-0.28296,-0.80334,-0.36777,-0.47427,-0.82561,-0.57623,-0.38630,-0.59759,-0.54411,-0.24565,-0.46348,-0.46288
paul,L,0.00000,0.00000,0.00000,0.33170,-0.01777,-0.32616,0.61580,-0.12683,-0.56075,0.90359,-0.09656,-0.78081,1.14394,0.03522,-1.00479,0.37786,-0.89808,-0.40704,0.32224,-1.44746,-0.63708,0.29283,-1.80125,-0.77180,0.26705,-2.08519,-0.86070,0.13060,-0.92240,-0.36349,-0.16431,-0.91832,-0.71830,-0.14151,-0.54597,-0.78460,-0.03952,-0.31482,-0.75599,-0.09765,-0.87854,-0.34928,-0.33751,-0.84250,-0.65886,-0.22978,-0.52894,-0.61589,-0.08901,-0.33868,-0.50971,-0.27991,-0.80988,-0.36817,-0.46837,-0.82606,-0.57560,-0.38189,-0.59692,-0.54196,-0.24308,-0.46219,-0.45966
paul,L,0.00000,0.00000,0.00000,0.32985,-0.01698,-0.32887,0.61535,-0.12356,-0.56402,0.89891,-0.09435,-0.78327,1.13659,0.03421,-1.00658,0.38243,-0.89238,-0.40958,0.32620,-1.42987,-0.63716,0.29447,-1.77838,-0.77208,0.26624,-2.05842,-0.86204,0.14025,-0.92114,-0.36308,-0.15698,-0.91105,-0.71377,-0.13037,-0.54255,-0.78187,-0.02720,-0.30956,-0.75583,-0.08762,-0.87995,-0.34563,-0.32787,-0.83707,-0.65178,-0.22034,-0.52374,-0.61279,-0.08184,-0.33009,-0.51113,-0.27197,-0.81319,-0.36153,-0.45772,-0.81173,-0.57129,-0.37069,-0.58130,-0.54467,-0.23222,-0.44574,-0.46784
paul,L,0.00000,0.00000,0.00000,0.33534,-0.02378,-0.32910,0.63494,-0.12849,-0.56356,0.93440,-0.10142,-0.78044,1.17131,-0.00454,-1.00078,0.39427,-0.88237,-0.42149,0.34105,-1.42087,-0.65653,0.31314,-1.76810,-0.79229,0.28785,-2.04964,-0.88211,0.15289,-0.91483,-0.37379,-0.13299,-0.90751,-0.72746,-0.10970,-0.53414,-0.79196,-0.00852,-0.30962,-0.76412,-0.07881,-0.87799,-0.35550,-0.31285,-0.83496,-0.67008,-0.20767,-0.51442,-0.62828,-0.06692,-0.33060,-0.52435,-0.26771,-0.81724,-0.36949,-0.45068,-0.80390,-0.59164,-0.35576,-0.56151,-0.56808,-0.20704,-0.42637,-0.49194
paul,L,0.00000,0.00000,0.00000,0.35203,-0.03317,-0.29540,0.67570,-0.16042,-0.50673,0.98551,-0.15211,-0.70607,1.23635,-0.06475,-0.90913,0.39867,-0.88737,-0.39119,0.35351,-1.43229,-0.61857,0.32531,-1.77762,-0.74720,0.29525,-2.06022,-0.83303,0.15504,-0.92063,-0.35833,-0.12238,-0.91835,-0.70439,-0.10204,-0.53785,-0.76615,-0.00722,-0.31533,-0.73891,-0.07976,-0.88211,-0.35161,-0.30832,-0.84750,-0.66145,-0.20526,-0.51965,-0.61490,-0.06481,-0.33876,-0.50933,-0.27431,-0.81611,-0.37385,-0.46391,-0.81433,-0.59106,-0.36560,-0.57354,-0.56089,-0.21075,-0.44051,-0.48083
paul,L,0.00000,0.00000,0.00000,0.36317,-0.05588,-0.25590,0.70403,-0.23365,-0.43353,1.01901,-0.25612,-0.60186,1.26357,-0.16988,-0.77653,0.40198,-0.88827,-0.35534,0.36807,-1.40987,-0.55647,0.34112,-1.74769,-0.67276,0.30517,-2.02377,-0.75495,0.15637,-0.93064,-0.33086,-0.07749,-0.88802,-0.64492,-0.05496,-0.52932,-0.70475,0.02543,-0.32065,-0.68469,-0.08196,-0.89300,-0.32642,-0.27503,-0.80648,-0.60860,-0.16870,-0.50292,-0.57002,-0.03395,-0.34223,-0.47761,-0.28608,-0.82824,-0.34680,-0.43648,-0.78998,-0.54466,-0.32272,-0.54450,-0.51435,-0.16485,-0.40956,-0.43896
paul,L,0.00000,0.00000,0.00000,0.37730,-0.05584,-0.25783,0.74509,-0.27378,-0.41202,1.07714,-0.36490,-0.55107,1.34439,-0.32297,-0.69357,0.42980,-0.91206,-0.32540,0.43462,-1.41883,-0.51301,0.42107,-1.74504,-0.61941,0.39003,-2.01342,-0.69493,0.16944,-0.94100,-0.29293,-0.00113,-0.95563,-0.60290,0.01773,-0.59103,-0.66108,0.07685,-0.36786,-0.63573,-0.07824,-0.89651,-0.28151,-0.21287,-0.82979,-0.56622,-0.11709,-0.51710,-0.52923,-0.00644,-0.35658,-0.43287,-0.30118,-0.82467,-0.29335,-0.39427,-0.80453,-0.48781,-0.28517,-0.55732,-0.45662,-0.15352,-0.43015,-0.38007
paul,L,0.00000,0.00000,0.00000,0.38356,-0.06079,-0.24522,0.76805,-0.30078,-0.38298,1.10821,-0.40979,-0.50686,1.38224,-0.36938,-0.63430,0.47092,-0.92980,-0.28803,0.50048,-1.42926,-0.46191,0.49850,-1.74400,-0.56158,0.47936,-2.00409,-0.63381,0.19564,-0.94518,-0.26145,0.10108,-1.00531,-0.57272,0.09539,-0.62901,-0.63588,0.11695,-0.38919,-0.60905,-0.06523,-0.89301,-0.25532,-0.12925,-0.87602,-0.54594,-0.05326,-0.54071,-0.51048,0.02445,-0.35719,-0.40956,-0.30565,-0.81411,-0.27023,-0.33531,-0.82930,-0.47000,-0.23012,-0.57374,-0.43914,-0.12285,-0.43353,-0.36028
paul,L,0.00000,0.00000,0.00000,0.38822,-0.05211,-0.25527,0.78019,-0.29338,-0.39188,1.12406,-0.41348,-0.51212,1.40300,-0.39040,-0.63468,0.51615,-0.91989,-0.29102,0.56632,-1.41849,-0.47274,0.57480,-1.73321,-0.57491,0.56006,-1.99008,-0.64738,0.23132,-0.93678,-0.26256,0.13791,-1.03431,-0.59043,0.11933,-0.64739,-0.65339,0.13411,-0.39362,-0.62049,-0.03793,-0.89024,-0.25715,-0.11174,-0.89461,-0.56368,-0.05026,-0.54712,-0.52441,0.02095,-0.35454,-0.41573,-0.28475,-0.81487,-0.27334,-0.32144,-0.84158,-0.48172,-0.23317,-0.57590,-0.44893,-0.13498,-0.43039,-0.36657
paul,L,0.00000,0.00000,0.00000,0.38894,-0.05808,-0.25124,0.78635,-0.29848,-0.38690,1.13990,-0.41941,-0.50814,1.41884,-0.40281,-0.63270,0.54090,-0.91093,-0.28656,0.60779,-1.40369,-0.47352,0.61956,-1.72280,-0.58249,0.60826,-1.98392,-0.65902,0.25225,-0.93128,-0.26284,0.17365,-1.05198,-0.60180,0.14444,-0.66593,-0.67387,0.14941,-0.40041,-0.64391,-0.02068,-0.88724,-0.26128,-0.09263,-0.91957,-0.57242,-0.04138,-0.56926,-0.53352,0.01858,-0.35597,-0.42232,-0.27413,-0.81021,-0.28101,-0.31159,-0.86763,-0.49099,-0.23463,-0.60069,-0.45449,-0.15070,-0.43678,-0.36756
paul,L,0.00000,0.00000,0.00000,0.39703,-0.05466,-0.24468,0.80226,-0.29866,-0.37495,1.15675,-0.42419,-0.49201,1.43231,-0.41911,-0.61305,0.55547,-0.90065,-0.28647,0.62667,-1.39796,-0.47553,0.64159,-1.71752,-0.58446,0.63162,-1.97929,-0.65973,0.26562,-0.92671,-0.26579,0.19501,-1.04320,-0.61069,0.15817,-0.65211,-0.68323,0.15349,-0.38452,-0.65128,-0.00997,-0.88827,-0.26666,-0.07958,-0.91973,-0.58457,-0.03381,-0.56360,-0.54508,0.02120,-0.34813,-0.43084,-0.26875,-0.81616,-0.28755,-0.30517,-0.87863,-0.50313,-0.22897,-0.60707,-0.46535,-0.14835,-0.43886,-0.37553
paul,L,0.00000,0.00000,0.00000,0.40154,-0.05536,-0.24067,0.81634,-0.29701,-0.36579,1.17632,-0.42653,-0.47822,1.45150,-0.43049,-0.59526,0.58122,-0.88868,-0.27632,0.66249,-1.38150,-0.46297,0.67863,-1.70077,-0.57125,0.67322,-1.97125,-0.64833,0.29732,-0.91943,-0.25740,0.21604,-1.05462,-0.59600,0.17791,-0.66517,-0.66787,0.18265,-0.40321,-0.63799,0.02082,-0.88785,-0.26013,-0.06487,-0.93959,-0.57642,-0.02180,-0.57276,-0.53326,0.04266,-0.35824,-0.41876,-0.23977,-0.82100,-0.28266,-0.29188,-0.89865,-0.50004,-0.21914,-0.61578,-0.46067,-0.13226,-0.44459,-0.37141
paul,L,0.00000,0.00000,0.00000,0.39310,-0.05636,-0.24432,0.80795,-0.29586,-0.37127,1.16823,-0.42408,-0.48509,1.43900,-0.42690,-0.60264,0.57543,-0.88508,-0.27242,0.66196,-1.36496,-0.45870,0.68251,-1.67714,-0.56858,0.68058,-1.94185,-0.64616,0.29159,-0.92275,-0.25201,0.22663,-1.05464,-0.59524,0.18633,-0.66912,-0.67295,0.17962,-0.40369,-0.64387,0.01915,-0.89599,-0.25350,-0.05785,-0.94219,-0.57023,-0.01813,-0.57996,-0.53210,0.03661,-0.36507,-0.41890,-0.23639,-0.83338,-0.27535,-0.28094,-0.90087,-0.48972,-0.21272,-0.62065,-0.45242,-0.13354,-0.45096,-0.36386
paul,L,0.00000,0.00000,0.00000,0.39385,-0.06075,-0.23586,0.80706,-0.30107,-0.35654,1.16514,-0.42560,-0.46628,1.43015,-0.42853,-0.58007,0.57240,-0.89188,-0.25551,0.66208,-1.36474,-0.43547,0.68579,-1.67069,-0.54210,0.68712,-1.92949,-0.61723,0.29028,-0.92705,-0.23731,0.23256,-1.05766,-0.57515,0.19343,-0.67346,-0.65385,0.18480,-0.40770,-0.62501,0.01903,-0.89833,-0.24043,-0.05068,-0.94266,-0.55092,-0.01216,-0.58266,-0.51587,0.03691,-0.36751,-0.40492,-0.23535,-0.83457,-0.26329,-0.27540,-0.89196,-0.47231,-0.20612,-0.61637,-0.43692,-0.12959,-0.44953,-0.34985
paul,L,0.00000,0.00000,0.00000,0.39901,-0.05757,-0.24208,0.81742,-0.29526,-0.36534,1.18216,-0.41978,-0.47686,1.45299,-0.42368,-0.59188,0.58947,-0.88948,-0.25574,0.68188,-1.36967,-0.44002,0.70659,-1.67809,-0.54979,0.71055,-1.93860,-0.62711,0.30649,-0.92181,-0.23735,0.24807,-1.07674,-0.58459,0.20336,-0.68842,-0.66699,0.19394,-0.41657,-0.63796,0.03384,-0.89288,-0.24180,-0.04119,-0.95909,-0.56451,-0.00716,-0.59070,-0.53101,0.04197,-0.37234,-0.41738,-0.22309,-0.83111,-0.26597,-0.26705,-0.90944,-0.48379,-0.20246,-0.62723,-0.44877,-0.12642,-0.45689,-0.36050
paul,L,0.00000,0.00000,0.00000,0.40645,-0.05623,-0.23503,0.82825,-0.29762,-0.35396,1.19231,-0.42774,-0.46270,1.46691,-0.42997,-0.57597,0.60029,-0.89018,-0.24766,0.69678,-1.37182,-0.43063,0.72119,-1.68391,-0.54107,0.72730,-1.94721,-0.61985,0.31612,-0.91940,-0.23402,0.26265,-1.09113,-0.58012,0.21248,-0.70255,-0.66399,0.20117,-0.42957,-0.63680,0.04085,-0.88744,-0.24258,-0.03237,-0.97819,-0.56625,-0.00113,-0.60618,-0.53137,0.04708,-0.38262,-0.41690,-0.22060,-0.82237,-0.26999,-0.26403,-0.92794,-0.48827,-0.19971,-0.64701,-0.44998,-0.12607,-0.47162,-0.36005
paul,L,0.00000,0.00000,0.00000,0.41718,-0.05903,-0.22789,0.84339,-0.30736,-0.34055,1.20944,-0.44825,-0.44619,1.48712,-0.44930,-0.55692,0.60818,-0.89353,-0.22474,0.71060,-1.37732,-0.40712,0.73777,-1.68922,-0.52000,0.74875,-1.95190,-0.59990,0.32189,-0.92201,-0.21514,0.28672,-1.11903,-0.56679,0.22931,-0.72777,-0.65619,0.21029,-0.44482,-0.62845,0.04473,-0.88924,-0.22779,-0.00911,-1.00890,-0.55590,0.01263,-0.63132,-0.52220,0.05043,-0.39358,-0.40418,-0.22006,-0.82359,-0.25871,-0.24836,-0.94792,-0.47842,-0.18868,-0.66773,-0.43885,-0.12321,-0.48347,-0.34579
paul,L,0.00000,0.00000,0.00000,0.43140,-0.06434,-0.20527,0.86889,-0.30887,-0.29608,1.24038,-0.45728,-0.38755,1.50780,-0.47483,-0.48459,0.62880,-0.89375,-0.14542,0.74400,-1.36357,-0.30544,0.77084,-1.66727,-0.41093,0.78526,-1.92034,-0.48649,0.34907,-0.92597,-0.14398,0.34884,-1.18048,-0.47853,0.28388,-0.78918,-0.57395,0.25092,-0.48961,-0.54839,0.07230,-0.89899,-0.16544,0.05727,-1.08972,-0.48379,0.05669,-0.70118,-0.45464,0.06565,-0.43531,-0.33584,-0.20110,-0.84242,-0.20371,-0.18259,-1.02474,-0.41533,-0.14347,-0.75182,-0.37400,-0.11487,-0.54911,-0.27913
paul,L,0.00000,0.00000,0.00000,0.45884,-0.07628,-0.19922,0.90075,-0.28856,-0.28798,1.28658,-0.43542,-0.38095,1.57937,-0.46308,-0.47823,0.69843,-0.83788,-0.09321,0.82511,-1.28365,-0.25671,0.85026,-1.58571,-0.36703,0.86797,-1.83188,-0.44469,0.42958,-0.89751,-0.09971,0.44190,-1.22667,-0.43955,0.34377,-0.85559,-0.54120,0.29607,-0.53784,-0.51309,0.15320,-0.89371,-0.13400,0.14636,-1.13169,-0.46350,0.10387,-0.74807,-0.43906,0.09576,-0.46457,-0.31563,-0.12771,-0.85866,-0.18509,-0.10247,-1.06699,-0.40440,-0.09547,-0.79551,-0.36774,-0.08132,-0.58038,-0.27369
paul,L,0.00000,0.00000,0.00000,0.50098,-0.07082,-0.17081,0.95694,-0.25182,-0.24508,1.35473,-0.40917,-0.33358,1.67364,-0.44960,-0.42837,0.74695,-0.80258,-0.00368,0.86755,-1.22707,-0.15189,0.88936,-1.51791,-0.25802,0.91083,-1.74657,-0.33198,0.47417,-0.88007,-0.02530,0.52020,-1.25937,-0.35385,0.41945,-0.90535,-0.47066,0.35253,-0.57840,-0.45137,0.19697,-0.89573,-0.07627,0.20766,-1.19478,-0.40639,0.15207,-0.81389,-0.39660,0.13075,-0.50902,-0.27928,-0.09337,-0.87570,-0.14132,-0.06232,-1.11909,-0.35999,-0.05607,-0.86225,-0.33061,-0.04804,-0.63785,-0.24179
paul,L,0.00000,0.00000,0.00000,0.51246,-0.07243,-0.15761,0.96541,-0.25148,-0.22368,1.36331,-0.40826,-0.30764,1.68001,-0.46635,-0.39780,0.73715,-0.80133,0.03195,0.84323,-1.22458,-0.10815,0.86394,-1.50299,-0.21282,0.88338,-1.71965,-0.28554,0.47025,-0.88251,0.00575,0.53678,-1.26975,-0.30820,0.44252,-0.91962,-0.42548,0.37524,-0.59703,-0.40829,0.19344,-0.90253,-0.05038,0.22567,-1.22041,-0.37610,0.17161,-0.82830,-0.36478,0.14624,-0.51919,-0.24667,-0.10348,-0.88197,-0.11922,-0.05015,-1.13473,-0.33976,-0.04552,-0.86263,-0.30743,-0.04663,-0.62606,-0.21576
paul,L,0.00000,0.00000,0.00000,0.51408,-0.07400,-0.14716,0.96265,-0.24740,-0.20609,1.35085,-0.40719,-0.28648,1.66583,-0.46147,-0.37328,0.73818,-0.79561,0.06768,0.84711,-1.20899,-0.06839,0.86861,-1.47833,-0.17636,0.88902,-1.68443,-0.25109,0.47530,-0.87900,0.03818,0.55454,-1.25911,-0.27619,0.45375,-0.91901,-0.40306,0.37594,-0.59740,-0.39002,0.20182,-0.90181,-0.02192,0.24044,-1.21791,-0.34793,0.18147,-0.83150,-0.34583,0.15156,-0.52039,-0.23123,-0.09255,-0.88486,-0.09383,-0.03872,-1.12773,-0.31514,-0.03087,-0.85324,-0.28811,-0.02717,-0.61247,-0.19806
paul,L,0.00000,0.00000,0.00000,0.50251,-0.07271,-0.14545,0.94797,-0.25089,-0.20388,1.33245,-0.40330,-0.28256,1.63886,-0.46243,-0.36700,0.73492,-0.79795,0.05932,0.84299,-1.20601,-0.07616,0.86095,-1.46757,-0.18039,0.87613,-1.66615,-0.25125,0.47354,-0.88024,0.03064,0.55630,-1.24872,-0.27834,0.45145,-0.91044,-0.39865,0.37365,-0.59591,-0.38194,0.20130,-0.90014,-0.02813,0.24227,-1.20582,-0.34959,0.18033,-0.82345,-0.34405,0.15258,-0.52062,-0.22865,-0.09164,-0.87751,-0.09827,-0.04018,-1.11641,-0.31854,-0.03650,-0.84056,-0.29075,-0.03188,-0.60208,-0.20036
paul,L,0.00000,0.00000,0.00000,0.50174,-0.07723,-0.14312,0.94556,-0.26299,-0.20015,1.32294,-0.42013,-0.27724,1.62767,-0.48108,-0.35947,0.72228,-0.80708,0.06097,0.82123,-1.21807,-0.07484,0.83096,-1.48008,-0.18087,0.83912,-1.67960,-0.25254,0.45963,-0.88748,0.03335,0.54299,-1.25020,-0.27341,0.44459,-0.90645,-0.39403,0.37148,-0.59044,-0.37844,0.18511,-0.90654,-0.02396,0.23107,-1.20828,-0.34042,0.17464,-0.82314,-0.33328,0.14779,-0.51981,-0.21831,-0.11033,-0.88432,-0.09272,-0.05318,-1.11786,-0.30729,-0.04061,-0.84244,-0.27743,-0.03317,-0.60615,-0.18662
paul,L,0.00000,0.00000,0.00000,0.46989,-0.06993,-0.13740,0.89397,-0.29275,-0.19651,1.22944,-0.45962,-0.27336,1.51536,-0.51550,-0.35232,0.63875,-0.86708,0.01843,0.72573,-1.28101,-0.13289,0.72926,-1.54098,-0.24311,0.71939,-1.74192,-0.31454,0.39032,-0.92061,-0.01130,0.51487,-1.25550,-0.31880,0.45184,-0.88097,-0.42308,0.38927,-0.56726,-0.40043,0.12880,-0.92028,-0.06835,0.22428,-1.21596,-0.38316,0.19196,-0.81794,-0.35783,0.15864,-0.51678,-0.23515,-0.15416,-0.88683,-0.13604,-0.05728,-1.11474,-0.34852,-0.02635,-0.84263,-0.30988,-0.03059,-0.61175,-0.21604
paul,L,0.00000,0.00000,0.00000,0.41596,-0.04168,-0.12373,0.81747,-0.27415,-0.17395,1.13024,-0.42097,-0.23859,1.37148,-0.46016,-0.30559,0.61265,-0.87520,-0.03576,0.70896,-1.31284,-0.17011,0.73089,-1.59147,-0.25417,0.74930,-1.82341,-0.31145,0.39336,-0.91718,-0.06363,0.60532,-1.16445,-0.35107,0.52763,-0.79140,-0.42131,0.42491,-0.49684,-0.38061,0.14673,-0.92383,-0.11314,0.32399,-1.12324,-0.40869,0.27210,-0.72905,-0.37063,0.20092,-0.44883,-0.24572,-0.13313,-0.91122,-0.17141,0.04112,-1.06507,-0.38136,0.06670,-0.78443,-0.34484,0.03646,-0.56038,-0.25371
paul,L,0.00000,0.00000,0.00000,0.36705,-0.04627,-0.11718,0.69543,-0.28384,-0.18291,0.93328,-0.43393,-0.26227,1.15441,-0.46990,-0.33750,0.54404,-0.88360,-0.08721,0.65290,-1.31273,-0.23969,0.68564,-1.59597,-0.32268,0.71515,-1.83960,-0.37547,0.33680,-0.93397,-0.11941,0.64198,-1.04837,-0.42296,0.54813,-0.67842,-0.47094,0.40768,-0.41893,-0.41272,0.12311,-0.95140,-0.17170,0.39810,-0.96866,-0.46360,0.30972,-0.61620,-0.40926,0.19488,-0.39937,-0.27652,-0.11462,-0.94036,-0.23440,0.14196,-0.97150,-0.42403,0.13356,-0.70932,-0.37701,0.06679,-0.52998,-0.28213
paul,L,0.00000,0.00000,0.00000,0.35067,-0.08756,-0.05394,0.61325,-0.30443,-0.11235,0.79897,-0.43011,-0.19944,0.99164,-0.47625,-0.28638,0.47170,-0.89509,-0.04497,0.58338,-1.26217,-0.19084,0.61117,-1.52056,-0.27751,0.63075,-1.75189,-0.33453,0.28911,-0.95095,-0.11001,0.64459,-0.94227,-0.38870,0.54938,-0.59947,-0.44055,0.39396,-0.37740,-0.39698,0.10378,-0.95331,-0.18909,0.43663,-0.86318,-0.45312,0.32751,-0.54050,-0.40696,0.19401,-0.36305,-0.29324,-0.09316,-0.91523,-0.27453,0.19473,-0.87511,-0.43968,0.17512,-0.62809,-0.39088,0.09940,-0.47494,-0.30244
paul,L,0.00000,0.00000,0.00000,0.34977,-0.09010,-0.04132,0.60847,-0.30351,-0.09624,0.78913,-0.42894,-0.18215,0.98107,-0.47657,-0.26932,0.47945,-0.88838,-0.03441,0.59459,-1.24812,-0.17441,0.62884,-1.49995,-0.25667,0.65564,-1.72515,-0.31062,0.30256,-0.94747,-0.10372,0.65518,-0.91882,-0.37209,0.55506,-0.58141,-0.42215,0.39486,-0.37337,-0.37984,0.12345,-0.94878,-0.18546,0.45969,-0.83784,-0.44230,0.34178,-0.52238,-0.39861,0.20027,-0.35978,-0.28896,-0.06645,-0.90894,-0.27203,0.21896,-0.84999,-0.43033,0.19372,-0.60336,-0.38046,0.11462,-0.45948,-0.29271
paul,L,0.00000,0.00000,0.00000,0.35187,-0.08739,-0.05588,0.61403,-0.29747,-0.11932,0.79658,-0.42601,-0.21153,0.98893,-0.47085,-0.30419,0.48344,-0.88620,-0.05276,0.60720,-1.24359,-0.19870,0.64891,-1.49712,-0.28528,0.68156,-1.72488,-0.34208,0.30101,-0.94638,-0.11726,0.64447,-0.90993,-0.39271,0.54453,-0.57650,-0.44660,0.38815,-0.36540,-0.40662,0.11808,-0.94592,-0.19489,0.43931,-0.82564,-0.45570,0.32468,-0.51724,-0.41386,0.19119,-0.35313,-0.30481,-0.07347,-0.90453,-0.27886,0.20286,-0.84073,-0.43759,0.17750,-0.60175,-0.38868,0.10205,-0.45962,-0.30143
paul,L,0.00000,0.00000,0.00000,0.34620,-0.08878,-0.07990,0.61557,-0.30944,-0.15153,0.80672,-0.44336,-0.24430,1.00119,-0.48857,-0.33473,0.47683,-0.89136,-0.09221,0.59771,-1.26216,-0.24708,0.63693,-1.52201,-0.33627,0.66559,-1.75641,-0.39508,0.28172,-0.94882,-0.14271,0.61589,-0.95354,-0.42592,0.52950,-0.61669,-0.47304,0.38051,-0.39781,-0.42797,0.08765,-0.95035,-0.20760,0.40860,-0.85828,-0.47365,0.31354,-0.53729,-0.42216,0.18916,-0.35859,-0.30615,-0.11684,-0.90886,-0.28129,0.17009,-0.84993,-0.44921,0.15438,-0.60567,-0.40339,0.08015,-0.45994,-0.31759
paul,L,0.00000,0.00000,0.00000,0.34240,-0.07422,-0.13205,0.64143,-0.31757,-0.21568,0.87124,-0.47443,-0.30479,1.08473,-0.51691,-0.39242,0.47712,-0.88603,-0.16399,0.58484,-1.26817,-0.31753,0.60754,-1.53057,-0.40600,0.62447,-1.76198,-0.46514,0.26024,-0.94816,-0.18239,0.50015,-0.95625,-0.45330,0.42843,-0.62374,-0.49471,0.32536,-0.39573,-0.45231,0.03623,-0.93961,-0.21572,0.26843,-0.86088,-0.46490,0.20791,-0.54660,-0.41203,0.13192,-0.35471,-0.30216,-0.20177,-0.88532,-0.26288,-0.00215,-0.82943,-0.42081,0.01922,-0.59204,-0.37843,0.00690,-0.43973,-0.29709
paul,L,0.00000,0.00000,0.00000,0.37967,-0.07122,-0.16367,0.74991,-0.36798,-0.25514,1.05006,-0.55267,-0.34792,1.30162,-0.58246,-0.44230,0.50626,-0.91218,-0.20885,0.59316,-1.35797,-0.37422,0.60318,-1.64797,-0.46501,0.61218,-1.89334,-0.52778,0.24449,-0.94447,-0.21955,0.41773,-1.02378,-0.53025,0.35813,-0.65671,-0.57812,0.28325,-0.39465,-0.53133,-0.01339,-0.91191,-0.24675,0.14507,-0.89593,-0.53249,0.12423,-0.54903,-0.47514,0.09014,-0.32991,-0.35272,-0.27463,-0.84294,-0.28868,-0.12312,-0.84818,-0.47316,-0.07927,-0.59635,-0.42908,-0.07439,-0.43060,-0.34133
paul,L,0.00000,0.00000,0.00000,0.40726,-0.06446,-0.21303,0.80691,-0.37180,-0.32571,1.14507,-0.56362,-0.43357,1.41400,-0.59994,-0.54696,0.53062,-0.93137,-0.26270,0.60252,-1.42845,-0.45725,0.60351,-1.74538,-0.57530,0.59329,-2.01120,-0.65847,0.23561,-0.93503,-0.26495,0.30143,-1.07893,-0.61861,0.26934,-0.68289,-0.69269,0.22910,-0.40814,-0.66078,-0.04819,-0.87964,-0.28672,0.01312,-0.95685,-0.61253,0.03710,-0.57365,-0.55341,0.03512,-0.33409,-0.42430,-0.32907,-0.79594,-0.32661,-0.25393,-0.88513,-0.54424,-0.18339,-0.60738,-0.48981,-0.15759,-0.42737,-0.38918
paul,L,0.00000,0.00000,0.00000,0.39010,-0.06123,-0.24832,0.79944,-0.33225,-0.38309,1.15746,-0.49461,-0.50295,1.43260,-0.51510,-0.62703,0.53006,-0.90129,-0.30752,0.58709,-1.39981,-0.50221,0.58743,-1.72251,-0.61400,0.57477,-1.99054,-0.69159,0.23466,-0.92878,-0.28688,0.19003,-1.04285,-0.63685,0.15741,-0.64826,-0.70605,0.15594,-0.37553,-0.67045,-0.04622,-0.88959,-0.28722,-0.09345,-0.90604,-0.60535,-0.04980,-0.54710,-0.55761,0.00402,-0.32763,-0.43789,-0.31236,-0.81620,-0.30821,-0.33447,-0.86499,-0.51772,-0.25959,-0.58895,-0.47270,-0.18481,-0.42045,-0.37865
paul,L,0.00000,0.00000,0.00000,0.37466,-0.06755,-0.26331,0.76422,-0.31985,-0.40614,1.11715,-0.46075,-0.53078,1.39525,-0.46314,-0.65779,0.50178,-0.90318,-0.31631,0.57081,-1.40115,-0.50530,0.58730,-1.71606,-0.61034,0.57632,-1.97896,-0.68335,0.21588,-0.93421,-0.28398,0.12561,-1.02451,-0.61763,0.10423,-0.64253,-0.68190,0.11244,-0.38928,-0.64778,-0.05376,-0.89816,-0.27340,-0.13174,-0.88119,-0.57720,-0.06708,-0.53390,-0.53528,0.00463,-0.33628,-0.42515,-0.30178,-0.82751,-0.28540,-0.34722,-0.83383,-0.48884,-0.25328,-0.56418,-0.45250,-0.15291,-0.41148,-0.36675
paul,L,0.00000,0.00000,0.00000,0.37426,-0.05723,-0.26095,0.76509,-0.29286,-0.40744,1.12015,-0.42436,-0.53833,1.40825,-0.42634,-0.67194,0.49727,-0.91022,-0.30872,0.56782,-1.41208,-0.49499,0.59314,-1.72698,-0.59974,0.59150,-1.98657,-0.67249,0.20841,-0.93763,-0.27825,0.12989,-1.01259,-0.61312,0.10408,-0.62788,-0.68203,0.10334,-0.36851,-0.65078,-0.06194,-0.89664,-0.26936,-0.12320,-0.87291,-0.57463,-0.05781,-0.53285,-0.53854,0.00950,-0.33126,-0.43123,-0.30957,-0.82175,-0.28250,-0.33703,-0.82480,-0.48809,-0.23893,-0.56510,-0.45565,-0.13963,-0.41200,-0.37125
paul,L,0.00000,0.00000,0.00000,0.36498,-0.03773,-0.26311,0.74282,-0.24596,-0.41869,1.08939,-0.33870,-0.55889,1.37091,-0.28985,-0.70405,0.48898,-0.89777,-0.31847,0.55703,-1.39581,-0.50338,0.58364,-1.71445,-0.61224,0.58947,-1.97979,-0.69089,0.21362,-0.93420,-0.28572,0.08891,-0.97771,-0.61241,0.06715,-0.60212,-0.68188,0.08436,-0.34817,-0.65620,-0.04856,-0.89707,-0.27378,-0.14020,-0.85382,-0.56945,-0.07000,-0.51979,-0.53547,0.01037,-0.32177,-0.43408,-0.28820,-0.82647,-0.28467,-0.33969,-0.81961,-0.48570,-0.24561,-0.56424,-0.45589,-0.13757,-0.41837,-0.37557
paul,L,0.00000,0.00000,0.00000,0.36282,-0.03864,-0.26050,0.72858,-0.22647,-0.42177,1.05870,-0.29265,-0.56957,1.33444,-0.22618,-0.72198,0.48955,-0.89638,-0.31261,0.55530,-1.39216,-0.49717,0.57956,-1.70964,-0.60551,0.58514,-1.97515,-0.68345,0.22345,-0.93310,-0.28177,0.09430,-0.98088,-0.59711,0.06972,-0.60452,-0.66279,0.08879,-0.36114,-0.63852,-0.03425,-0.89832,-0.27189,-0.13502,-0.86561,-0.56193,-0.07146,-0.52765,-0.52466,0.00823,-0.33671,-0.42346,-0.27265,-0.83161,-0.28474,-0.33938,-0.84419,-0.48211,-0.24493,-0.58411,-0.44687,-0.13508,-0.43574,-0.36429
paul,L,0.00000,0.00000,0.00000,0.36052,-0.03092,-0.27530,0.71410,-0.21340,-0.44903,1.03922,-0.27529,-0.60714,1.31314,-0.20197,-0.76951,0.50057,-0.89070,-0.33552,0.56591,-1.39318,-0.53255,0.59111,-1.71548,-0.64763,0.59787,-1.98569,-0.72981,0.23371,-0.92422,-0.30198,0.09087,-0.97933,-0.62912,0.06755,-0.59670,-0.69328,0.09707,-0.35612,-0.66684,-0.02504,-0.88879,-0.29135,-0.14023,-0.86999,-0.59328,-0.07740,-0.52602,-0.55057,0.00828,-0.33638,-0.44395,-0.26275,-0.82156,-0.30465,-0.34347,-0.85427,-0.51051,-0.25228,-0.59085,-0.47221,-0.13864,-0.44338,-0.38664
paul,L,0.00000,0.00000,0.00000,0.36253,-0.02976,-0.28640,0.72331,-0.21553,-0.46205,1.05833,-0.28258,-0.62006,1.33927,-0.21695,-0.78151,0.51098,-0.89201,-0.34161,0.59381,-1.40367,-0.54648,0.62971,-1.73004,-0.66500,0.64281,-2.00504,-0.74904,0.24009,-0.92160,-0.30499,0.09428,-1.00995,-0.64707,0.06505,-0.61610,-0.71346,0.09585,-0.36584,-0.68387,-0.02090,-0.88655,-0.29328,-0.14180,-0.89754,-0.61052,-0.08448,-0.54199,-0.56605,0.00344,-0.34461,-0.45330,-0.25972,-0.81965,-0.30613,-0.34328,-0.88081,-0.52466,-0.25720,-0.61504,-0.48751,-0.14252,-0.46289,-0.39984
paul,L,0.00000,0.00000,0.00000,0.36299,-0.03576,-0.27427,0.72708,-0.22626,-0.43991,1.06579,-0.30116,-0.58850,1.34260,-0.24407,-0.74074,0.51569,-0.89212,-0.33284,0.60079,-1.39373,-0.53182,0.63969,-1.71203,-0.64917,0.65493,-1.98146,-0.73359,0.24066,-0.92310,-0.29993,0.11167,-1.00871,-0.63898,0.08482,-0.61874,-0.70880,0.10607,-0.36183,-0.68222,-0.02230,-0.88675,-0.29017,-0.12491,-0.89239,-0.60163,-0.06235,-0.54382,-0.56254,0.01916,-0.34259,-0.45499,-0.26335,-0.81540,-0.30377,-0.32290,-0.86162,-0.52046,-0.22972,-0.60072,-0.48970,-0.11850,-0.44950,-0.40735
paul,L,0.00000,0.00000,0.00000,0.37008,-0.03800,-0.26855,0.74337,-0.23663,-0.42959,1.08361,-0.31525,-0.57586,1.35691,-0.25563,-0.72611,0.51586,-0.90088,-0.31831,0.59886,-1.40871,-0.51193,0.64051,-1.72834,-0.62602,0.65864,-1.99463,-0.70818,0.23628,-0.92783,-0.28864,0.11617,-1.01273,-0.62355,0.08888,-0.62510,-0.69315,0.10698,-0.36654,-0.66682,-0.03023,-0.88801,-0.28197,-0.12523,-0.88574,-0.58804,-0.06375,-0.54236,-0.54910,0.01463,-0.34268,-0.44294,-0.27599,-0.81549,-0.29864,-0.33177,-0.84539,-0.50694,-0.23807,-0.58603,-0.47325,-0.12707,-0.43670,-0.39031
paul,L,0.00000,0.00000,0.00000,0.35658,-0.05297,-0.22229,0.71669,-0.25928,-0.35998,1.03730,-0.36106,-0.48449,1.29418,-0.34172,-0.61270,0.44677,-0.84664,-0.34606,0.48439,-1.26981,-0.52650,0.50290,-1.57399,-0.63671,0.49857,-1.82751,-0.71757,0.16381,-0.93004,-0.32892,0.11018,-0.80360,-0.61692,0.12258,-0.46430,-0.67060,0.13826,-0.23980,-0.65168,-0.10058,-0.89351,-0.32539,-0.13833,-0.65040,-0.56255,-0.05954,-0.38305,-0.51879,0.01514,-0.22630,-0.43549,-0.33286,-0.80579,-0.34669,-0.34806,-0.62309,-0.49856,-0.24863,-0.40235,-0.46588,-0.15341,-0.28391,-0.39855
paul,L,0.00000,0.00000,0.00000,0.35958,-0.10639,-0.16352,0.69494,-0.32932,-0.28499,0.98030,-0.45077,-0.40385,1.22452,-0.45032,-0.52408,0.41291,-0.87230,-0.30894,0.44908,-1.25710,-0.47344,0.44955,-1.53546,-0.56491,0.43579,-1.76620,-0.63200,0.11636,-0.94102,-0.31771,0.17922,-0.77018,-0.56748,0.19611,-0.46908,-0.60337,0.18283,-0.30129,-0.58092,-0.14681,-0.86990,-0.33344,-0.05499,-0.58142,-0.53870,-0.00374,-0.35361,-0.48553,0.02587,-0.26256,-0.40509,-0.36888,-0.74143,-0.36917,-0.28436,-0.54484,-0.48864,-0.19470,-0.36606,-0.44102,-0.14090,-0.29684,-0.37109
paul,L,0.00000,0.00000,0.00000,0.35250,-0.12223,-0.16157,0.67338,-0.35291,-0.28080,0.94977,-0.47714,-0.39847,1.20100,-0.47750,-0.51781,0.38350,-0.88533,-0.29868,0.42131,-1.26499,-0.46478,0.42856,-1.53903,-0.55784,0.42420,-1.76813,-0.62520,0.08576,-0.94795,-0.30666,0.17344,-0.77756,-0.56028,0.19385,-0.47276,-0.59918,0.17621,-0.29615,-0.57611,-0.17234,-0.86977,-0.32213,-0.05397,-0.58096,-0.52990,-0.00561,-0.35494,-0.48237,0.01413,-0.26429,-0.40353,-0.39054,-0.73507,-0.35714,-0.28285,-0.53179,-0.47945,-0.18694,-0.35875,-0.43830,-0.13343,-0.29637,-0.37169
paul,L,0.00000,0.00000,0.00000,0.35201,-0.11999,-0.16170,0.67617,-0.34646,-0.28309,0.96574,-0.45929,-0.40293,1.21594,-0.44498,-0.52430,0.37142,-0.88591,-0.29666,0.39307,-1.26649,-0.46158,0.39640,-1.54056,-0.55248,0.38484,-1.76957,-0.61840,0.07889,-0.94960,-0.30339,0.13607,-0.77558,-0.54663,0.16668,-0.47226,-0.57800,0.16457,-0.30839,-0.55240,-0.17752,-0.87137,-0.31849,-0.09514,-0.57267,-0.52008,-0.02849,-0.35348,-0.46985,0.01532,-0.27950,-0.39186,-0.38948,-0.74016,-0.35320,-0.31551,-0.52339,-0.46779,-0.21197,-0.35127,-0.42156,-0.14620,-0.29730,-0.35377
paul,L,0.00000,0.00000,0.00000,0.35122,-0.11904,-0.17037,0.68256,-0.34290,-0.29505,0.97456,-0.45180,-0.41672,1.22326,-0.43314,-0.53893,0.36342,-0.87718,-0.30340,0.37302,-1.26150,-0.47067,0.36866,-1.53873,-0.56098,0.35147,-1.77211,-0.62648,0.07271,-0.94944,-0.30543,0.09876,-0.75899,-0.55213,0.12783,-0.45244,-0.58207,0.13882,-0.28853,-0.55416,-0.18203,-0.87991,-0.31693,-0.13151,-0.55614,-0.51979,-0.06231,-0.34117,-0.46880,-0.00030,-0.27585,-0.38980,-0.39191,-0.75868,-0.34940,-0.34886,-0.51651,-0.46358,-0.24740,-0.34346,-0.41773,-0.16857,-0.29579,-0.34980
paul,L,0.00000,0.00000,0.00000,0.34349,-0.10983,-0.18115,0.67921,-0.31603,-0.31070,0.97719,-0.40535,-0.43507,1.22982,-0.38891,-0.55968,0.35652,-0.86390,-0.31451,0.35587,-1.24414,-0.48041,0.33772,-1.51911,-0.57181,0.31177,-1.75465,-0.63954,0.07426,-0.94799,-0.30950,0.04857,-0.72970,-0.54930,0.08873,-0.42687,-0.58073,0.12775,-0.26741,-0.55898,-0.17678,-0.88908,-0.31477,-0.17559,-0.54921,-0.51405,-0.08531,-0.33480,-0.46854,0.00788,-0.26410,-0.39653,-0.38566,-0.78034,-0.34243,-0.37888,-0.52714,-0.46302,-0.26498,-0.34400,-0.42561,-0.16054,-0.28188,-0.36322
paul,L,0.00000,0.00000,0.00000,0.34444,-0.09583,-0.18084,0.68492,-0.29336,-0.30925,0.98797,-0.36595,-0.43296,1.24453,-0.34344,-0.55694,0.36003,-0.84126,-0.32174,0.34759,-1.21981,-0.48434,0.31940,-1.49245,-0.57346,0.28990,-1.73039,-0.64122,0.07821,-0.94566,-0.31561,0.02659,-0.69887,-0.55084,0.06885,-0.40766,-0.58270,0.11788,-0.24770,-0.56432,-0.17550,-0.89867,-0.31888,-0.19399,-0.52714,-0.50856,-0.10151,-0.31984,-0.46677,-0.00153,-0.24723,-0.40156,-0.38876,-0.79820,-0.34560,-0.39698,-0.51210,-0.45969,-0.27943,-0.33091,-0.42809,-0.16214,-0.26900,-0.37289
paul,L,0.00000,0.00000,0.00000,0.34794,-0.08893,-0.17745,0.69655,-0.28224,-0.30572,1.00176,-0.34882,-0.42911,1.26332,-0.32389,-0.55238,0.35867,-0.82458,-0.33188,0.33375,-1.19623,-0.49430,0.30303,-1.46666,-0.58479,0.27562,-1.70680,-0.65692,0.06878,-0.94158,-0.32968,0.01448,-0.65824,-0.56428,0.06240,-0.36277,-0.59742,0.11393,-0.20657,-0.58377,-0.18903,-0.89550,-0.33530,-0.20926,-0.49157,-0.51855,-0.11767,-0.28406,-0.47092,-0.01820,-0.21734,-0.40648,-0.40791,-0.79163,-0.36488,-0.42236,-0.48612,-0.47477,-0.30722,-0.30878,-0.44051,-0.19175,-0.25745,-0.38640
paul,L,0.00000,0.00000,0.00000,0.35385,-0.08602,-0.17950,0.71014,-0.27797,-0.30919,1.01840,-0.34690,-0.43436,1.27979,-0.33029,-0.55965,0.36518,-0.82037,-0.33646,0.34209,-1.19400,-0.50043,0.31202,-1.46751,-0.59208,0.28338,-1.71205,-0.66581,0.07344,-0.93950,-0.33457,0.01613,-0.64339,-0.57051,0.06917,-0.35061,-0.60407,0.12377,-0.20389,-0.59150,-0.18612,-0.89311,-0.34040,-0.21346,-0.47528,-0.52445,-0.11470,-0.26687,-0.47420,-0.01000,-0.20443,-0.40892,-0.40607,-0.78801,-0.37090,-0.42790,-0.46640,-0.48359,-0.30655,-0.28657,-0.44891,-0.18445,-0.23596,-0.39430
paul,L,0.00000,0.00000,0.00000,0.35159,-0.08803,-0.17352,0.70613,-0.28165,-0.30108,1.00844,-0.34867,-0.42482,1.26972,-0.32602,-0.54896,0.36569,-0.81844,-0.32872,0.34574,-1.18908,-0.48771,0.31601,-1.45996,-0.57716,0.28972,-1.70319,-0.65045,0.07679,-0.94121,-0.32897,0.01564,-0.64336,-0.55748,0.06460,-0.35171,-0.59047,0.11841,-0.21097,-0.57948,-0.18152,-0.89769,-0.33607,-0.21390,-0.47948,-0.51494,-0.11824,-0.26996,-0.46446,-0.01286,-0.20944,-0.40081,-0.40202,-0.79510,-0.36733,-0.42564,-0.47461,-0.47834,-0.30471,-0.29071,-0.44248,-0.18173,-0.23702,-0.38763
paul,L,0.00000,0.00000,0.00000,0.34961,-0.09427,-0.17072,0.69307,-0.29311,-0.29541,0.98864,-0.36433,-0.41713,1.24325,-0.34051,-0.53916,0.36750,-0.83572,-0.31282,0.35699,-1.21090,-0.46792,0.32884,-1.47725,-0.55272,0.30143,-1.71084,-0.62000,0.08050,-0.94651,-0.31246,0.03600,-0.68208,-0.54090,0.07454,-0.38592,-0.57388,0.11795,-0.23157,-0.55906,-0.17593,-0.89949,-0.31952,-0.18782,-0.51118,-0.50187,-0.10016,-0.29821,-0.45578,-0.00432,-0.22820,-0.39073,-0.39192,-0.79565,-0.34950,-0.39539,-0.50127,-0.45966,-0.28012,-0.31692,-0.42365,-0.16579,-0.25532,-0.36645
paul,L,0.00000,0.00000,0.00000,0.35495,-0.08445,-0.16899,0.70111,-0.29070,-0.28938,0.99677,-0.36865,-0.40709,1.25345,-0.34068,-0.52556,0.38626,-0.83916,-0.29513,0.38781,-1.21304,-0.44507,0.36596,-1.48105,-0.52763,0.34611,-1.71427,-0.59420,0.10443,-0.94913,-0.29707,0.05190,-0.69341,-0.52471,0.08046,-0.39367,-0.55785,0.12362,-0.23979,-0.54248,-0.15024,-0.90465,-0.30760,-0.17388,-0.53590,-0.49127,-0.09400,-0.31989,-0.44418,0.00212,-0.25332,-0.37794,-0.36657,-0.80352,-0.34076,-0.38401,-0.52683,-0.44967,-0.28026,-0.34041,-0.41066,-0.16883,-0.28363,-0.35175
paul,L,0.00000,0.00000,0.00000,0.36282,-0.07870,-0.17195,0.72275,-0.27862,-0.29392,1.02826,-0.35762,-0.41269,1.30043,-0.32252,-0.53234,0.40821,-0.82557,-0.30255,0.41613,-1.19521,-0.45089,0.40040,-1.46453,-0.53388,0.38514,-1.69732,-0.60324,0.12131,-0.94454,-0.30516,0.06711,-0.66522,-0.53524,0.09919,-0.36721,-0.57189,0.14606,-0.20993,-0.56061,-0.13926,-0.90220,-0.31607,-0.16758,-0.50254,-0.49513,-0.08731,-0.28990,-0.44842,0.01167,-0.21832,-0.38553,-0.36137,-0.80065,-0.35126,-0.38443,-0.49934,-0.45833,-0.27941,-0.31484,-0.42313,-0.16413,-0.25697,-0.36885
paul,L,0.00000,0.00000,0.00000,0.35999,-0.08331,-0.17619,0.72786,-0.27152,-0.30226,1.03870,-0.33686,-0.42377,1.31765,-0.30435,-0.54464,0.40889,-0.81606,-0.31354,0.40881,-1.17417,-0.47060,0.39024,-1.43561,-0.55748,0.37497,-1.66819,-0.62942,0.11991,-0.94153,-0.31488,0.05944,-0.65114,-0.54677,0.09891,-0.34958,-0.58135,0.14917,-0.20274,-0.56973,-0.14276,-0.89860,-0.32533,-0.17904,-0.48018,-0.51000,-0.09232,-0.26561,-0.46269,0.00869,-0.20989,-0.39949,-0.36558,-0.79523,-0.35984,-0.39704,-0.47846,-0.47312,-0.28670,-0.29278,-0.43886,-0.17213,-0.24585,-0.38532
paul,L,0.00000,0.00000,0.00000,0.36328,-0.07300,-0.17422,0.73578,-0.25503,-0.30451,1.04695,-0.32095,-0.43103,1.32623,-0.29643,-0.55682,0.41817,-0.80043,-0.33049,0.41459,-1.15429,-0.48916,0.39012,-1.41619,-0.57080,0.36990,-1.65126,-0.63944,0.11512,-0.93605,-0.33249,0.06712,-0.61632,-0.54647,0.11389,-0.31627,-0.56279,0.16238,-0.21128,-0.54574,-0.15894,-0.89333,-0.34258,-0.17838,-0.45321,-0.51730,-0.08831,-0.24006,-0.45362,0.00362,-0.21094,-0.38587,-0.39051,-0.78578,-0.37683,-0.40353,-0.45603,-0.48694,-0.28377,-0.27267,-0.44342,-0.17559,-0.23662,-0.38588
paul,L,0.00000,0.00000,0.00000,0.36453,-0.07089,-0.18064,0.74628,-0.25352,-0.31220,1.06730,-0.31428,-0.43852,1.35768,-0.28968,-0.56497,0.41346,-0.79684,-0.34543,0.41103,-1.14366,-0.50634,0.38174,-1.40373,-0.59124,0.35743,-1.63481,-0.66230,0.10265,-0.93337,-0.34393,0.05410,-0.58994,-0.56440,0.10402,-0.29625,-0.58623,0.15567,-0.18520,-0.57278,-0.17611,-0.88766,-0.35005,-0.19676,-0.42225,-0.52837,-0.10194,-0.20858,-0.47164,-0.00405,-0.17095,-0.40792,-0.41114,-0.77538,-0.38111,-0.42656,-0.42197,-0.49738,-0.29848,-0.23639,-0.46304,-0.17696,-0.19473,-0.41101
paul,L,0.00000,0.00000,0.00000,0.36862,-0.06392,-0.18187,0.76246,-0.24520,-0.31998,1.08724,-0.31213,-0.45288,1.37876,-0.29694,-0.58291,0.41026,-0.78751,-0.36109,0.40106,-1.12246,-0.53678,0.37141,-1.37140,-0.62219,0.34996,-1.59877,-0.68991,0.09059,-0.92795,-0.36153,0.06722,-0.54376,-0.58394,0.12685,-0.25038,-0.59206,0.17159,-0.17794,-0.56993,-0.19468,-0.87769,-0.37124,-0.19664,-0.38219,-0.56236,-0.09499,-0.17255,-0.49774,-0.00719,-0.17054,-0.42814,-0.43364,-0.75948,-0.40474,-0.42993,-0.38204,-0.52901,-0.30502,-0.19895,-0.49106,-0.20422,-0.18091,-0.43659
paul,L,0.00000,0.00000,0.00000,0.37016,-0.06698,-0.17520,0.76380,-0.26178,-0.30561,1.08702,-0.32702,-0.43067,1.37240,-0.31051,-0.55205,0.40515,-0.78398,-0.36390,0.38937,-1.11101,-0.54463,0.36477,-1.35438,-0.63256,0.34771,-1.58136,-0.70119,0.08300,-0.92710,-0.36551,0.06889,-0.52288,-0.59056,0.13152,-0.23329,-0.59686,0.17100,-0.17291,-0.57418,-0.20323,-0.87795,-0.37604,-0.19905,-0.37355,-0.57024,-0.09796,-0.16249,-0.50274,-0.01592,-0.16666,-0.43123,-0.44276,-0.76034,-0.40951,-0.43251,-0.37638,-0.53908,-0.31283,-0.19641,-0.50335,-0.22233,-0.18685,-0.45020
paul,L,0.00000,0.00000,0.00000,0.37227,-0.07862,-0.16497,0.75533,-0.27188,-0.29270,1.06225,-0.33989,-0.41773,1.33685,-0.32706,-0.53899,0.41348,-0.78948,-0.34485,0.39297,-1.07899,-0.53473,0.37216,-1.30028,-0.63171,0.36064,-1.50706,-0.70136,0.09305,-0.93199,-0.35033,0.09854,-0.52430,-0.58573,0.15219,-0.23609,-0.60087,0.18419,-0.15855,-0.57636,-0.19278,-0.88203,-0.36496,-0.17213,-0.37253,-0.57480,-0.07641,-0.16093,-0.52146,0.00524,-0.15859,-0.44995,-0.43105,-0.76019,-0.39994,-0.40814,-0.37021,-0.54047,-0.29422,-0.19150,-0.51408,-0.20744,-0.18335,-0.46255
paul,L,0.00000,0.00000,0.00000,0.37373,-0.06636,-0.17677,0.76742,-0.25476,-0.31249,1.08611,-0.31759,-0.44287,1.36747,-0.30304,-0.56872,0.42495,-0.77051,-0.36883,0.41053,-1.06422,-0.56596,0.39010,-1.28959,-0.66641,0.37723,-1.50537,-0.74063,0.10348,-0.92300,-0.37063,0.09649,-0.50042,-0.60363,0.14991,-0.21430,-0.61181,0.18560,-0.16453,-0.58894,-0.18609,-0.87721,-0.38297,-0.18006,-0.36013,-0.59185,-0.08740,-0.14997,-0.52687,-0.00803,-0.16288,-0.45394,-0.42897,-0.75981,-0.41743,-0.42080,-0.36777,-0.56395,-0.29916,-0.18478,-0.53270,-0.20354,-0.17690,-0.48016
paul,L,0.00000,0.00000,0.00000,0.37337,-0.07227,-0.16843,0.75596,-0.26523,-0.28928,1.06685,-0.32240,-0.40578,1.34043,-0.30181,-0.51873,0.41627,-0.79283,-0.33185,0.40756,-1.09535,-0.51214,0.38893,-1.32588,-0.60775,0.38031,-1.54185,-0.67985,0.10725,-0.93617,-0.33479,0.10074,-0.56116,-0.57423,0.14682,-0.26565,-0.59718,0.18177,-0.16305,-0.57618,-0.17345,-0.89308,-0.34696,-0.17669,-0.41647,-0.55194,-0.08507,-0.19834,-0.49802,0.00657,-0.17256,-0.42574,-0.41097,-0.78075,-0.38092,-0.40756,-0.41700,-0.51856,-0.28896,-0.23103,-0.49117,-0.18437,-0.20468,-0.43804
paul,L,0.00000,0.00000,0.00000,0.36835,-0.07910,-0.17631,0.74530,-0.26841,-0.29995,1.06235,-0.32332,-0.41986,1.33770,-0.28775,-0.54048,0.42032,-0.81418,-0.31721,0.41988,-1.15142,-0.47967,0.39590,-1.40625,-0.56454,0.38148,-1.63095,-0.62944,0.12098,-0.94093,-0.31624,0.09827,-0.66440,-0.55609,0.12974,-0.35355,-0.58271,0.16292,-0.19375,-0.55671,-0.15044,-0.90329,-0.32458,-0.16634,-0.50825,-0.52107,-0.07965,-0.27609,-0.47122,0.01639,-0.20011,-0.39556,-0.38076,-0.80326,-0.35585,-0.38378,-0.50077,-0.47315,-0.27144,-0.30435,-0.43745,-0.16203,-0.24301,-0.37705
paul,L,0.00000,0.00000,0.00000,0.35903,-0.08140,-0.19104,0.71294,-0.27160,-0.32250,1.02166,-0.33679,-0.44956,1.28806,-0.29266,-0.57822,0.40565,-0.84101,-0.29821,0.40517,-1.21941,-0.45342,0.39184,-1.48754,-0.54133,0.37539,-1.71850,-0.60769,0.13009,-0.94801,-0.29044,0.05461,-0.73818,-0.52736,0.08192,-0.43050,-0.56460,0.11740,-0.25251,-0.54551,-0.12601,-0.91688,-0.29429,-0.17375,-0.60868,-0.48725,-0.09153,-0.37341,-0.44389,-0.00217,-0.27082,-0.37123,-0.34717,-0.83501,-0.32203,-0.37506,-0.61204,-0.43174,-0.27517,-0.41385,-0.39077,-0.17352,-0.33062,-0.32578
paul,L,0.00000,0.00000,0.00000,0.34455,-0.07990,-0.19822,0.68690,-0.25735,-0.33170,0.99023,-0.30811,-0.45787,1.24306,-0.25228,-0.58568,0.40275,-0.85032,-0.29211,0.41605,-1.23034,-0.44703,0.41395,-1.49722,-0.53816,0.40222,-1.72521,-0.60584,0.14447,-0.94946,-0.27867,0.03052,-0.78181,-0.51399,0.04849,-0.47476,-0.55676,0.09306,-0.29002,-0.54035,-0.09956,-0.91765,-0.27797,-0.16931,-0.64537,-0.47462,-0.08575,-0.40711,-0.44009,0.01496,-0.29399,-0.37091,-0.31215,-0.83605,-0.30072,-0.35300,-0.64085,-0.42197,-0.25004,-0.44069,-0.38968,-0.13521,-0.35026,-0.32722
paul,L,0.00000,0.00000,0.00000,0.36153,-0.05342,-0.23093,0.71871,-0.22227,-0.38416,1.02409,-0.24011,-0.52752,1.26225,-0.14235,-0.67419,0.42638,-0.86430,-0.31086,0.45145,-1.30136,-0.48889,0.45207,-1.60578,-0.59339,0.43364,-1.85661,-0.66796,0.15963,-0.94377,-0.28951,0.00216,-0.86938,-0.56588,0.01271,-0.52946,-0.61791,0.06199,-0.31826,-0.59487,-0.09269,-0.91632,-0.28485,-0.19759,-0.74342,-0.52438,-0.10834,-0.46183,-0.48645,-0.00434,-0.31514,-0.39973,-0.31259,-0.84579,-0.30415,-0.37960,-0.73138,-0.46038,-0.26960,-0.50638,-0.42572,-0.14073,-0.39475,-0.35193
paul,L,0.00000,0.00000,0.00000,0.36459,-0.03383,-0.25918,0.72368,-0.17475,-0.43522,1.03214,-0.15442,-0.60144,1.27450,-0.01654,-0.77213,0.48482,-0.86277,-0.32093,0.50278,-1.35152,-0.51454,0.51143,-1.67436,-0.62689,0.50597,-1.94034,-0.70495,0.23854,-0.92563,-0.29379,0.01082,-0.92942,-0.60340,0.01284,-0.57524,-0.66826,0.07482,-0.34218,-0.64601,-0.00263,-0.90924,-0.28802,-0.19012,-0.83004,-0.56153,-0.10798,-0.51970,-0.52789,0.00126,-0.34277,-0.43353,-0.21806,-0.86063,-0.30794,-0.35256,-0.82735,-0.48764,-0.26056,-0.57315,-0.45402,-0.13076,-0.43065,-0.37564
paul,L,0.00000,0.00000,0.00000,0.34438,-0.01031,-0.28698,0.66752,-0.10356,-0.49700,0.95874,-0.05364,-0.69580,1.18477,0.09897,-0.89868,0.47979,-0.84315,-0.37026,0.48494,-1.34361,-0.58244,0.49220,-1.66867,-0.70753,0.49476,-1.93337,-0.79221,0.24553,-0.90956,-0.33530,-0.01207,-0.91449,-0.65596,-0.01954,-0.56649,-0.72111,0.04929,-0.34276,-0.70047,0.01353,-0.89639,-0.32402,-0.19803,-0.84807,-0.60918,-0.12831,-0.53966,-0.57667,-0.02239,-0.35120,-0.48306,-0.18384,-0.85148,-0.34117,-0.33587,-0.84032,-0.53526,-0.26076,-0.59189,-0.50855,-0.13708,-0.43733,-0.43369
paul,L,0.00000,0.00000,0.00000,0.33668,0.01594,-0.31656,0.64113,-0.04642,-0.54666,0.92685,0.02431,-0.75948,1.14626,0.18285,-0.97485,0.49868,-0.80734,-0.40610,0.48265,-1.30251,-0.62714,0.48545,-1.62824,-0.75759,0.49502,-1.89631,-0.84567,0.27442,-0.89184,-0.35961,-0.01836,-0.87607,-0.68117,-0.02273,-0.53133,-0.74636,0.06076,-0.31217,-0.72766,0.04513,-0.89022,-0.33924,-0.19659,-0.82399,-0.62061,-0.12663,-0.52317,-0.58921,-0.01158,-0.33860,-0.50036,-0.14879,-0.85627,-0.35136,-0.32091,-0.82486,-0.54564,-0.25439,-0.57423,-0.52378,-0.13219,-0.41947,-0.45418
paul,L,0.00000,0.00000,0.00000,0.32158,0.04069,-0.33193,0.61605,0.01204,-0.56468,0.88943,0.10382,-0.77626,1.09685,0.27049,-0.98583,0.51055,-0.79353,-0.40866,0.47531,-1.28343,-0.62846,0.46928,-1.61144,-0.75450,0.47833,-1.88898,-0.83821,0.29541,-0.88736,-0.35401,-0.05836,-0.88609,-0.66927,-0.06366,-0.53542,-0.72933,0.03287,-0.31627,-0.70476,0.08101,-0.89125,-0.32821,-0.20710,-0.83165,-0.61030,-0.13472,-0.53040,-0.58085,-0.01233,-0.35228,-0.49006,-0.08931,-0.86688,-0.33633,-0.27705,-0.85251,-0.53819,-0.22676,-0.60759,-0.52209,-0.11379,-0.45344,-0.45248
paul,L,0.00000,0.00000,0.00000,0.30035,0.05186,-0.40162,0.57246,0.04442,-0.67018,0.84863,0.14695,-0.90696,1.07454,0.29789,-1.13745,0.54109,-0.79565,-0.45147,0.52110,-1.28897,-0.69330,0.52809,-1.62689,-0.82876,0.55462,-1.90704,-0.91225,0.32631,-0.87187,-0.36519,-0.03082,-0.91470,-0.70166,-0.04899,-0.55083,-0.75764,0.05044,-0.31751,-0.71799,0.11502,-0.87107,-0.31787,-0.17514,-0.84321,-0.61872,-0.11181,-0.53356,-0.58681,0.00883,-0.35132,-0.48407,-0.05032,-0.84748,-0.31064,-0.23628,-0.86593,-0.52269,-0.20662,-0.63285,-0.51054,-0.10915,-0.48656,-0.43807
paul,L,0.00000,0.00000,0.00000,0.30329,0.05395,-0.38651,0.57114,0.03162,-0.65182,0.84264,0.13811,-0.89190,1.06527,0.29863,-1.12798,0.54500,-0.80723,-0.42830,0.54332,-1.31806,-0.67394,0.56172,-1.66165,-0.80983,0.59896,-1.94555,-0.89358,0.31967,-0.87852,-0.35499,-0.00907,-0.94322,-0.71442,-0.04449,-0.56578,-0.77792,0.04095,-0.32174,-0.73594,0.10256,-0.87735,-0.32008,-0.16953,-0.87962,-0.64125,-0.11457,-0.55171,-0.60707,0.00350,-0.35417,-0.49598,-0.06428,-0.84881,-0.32331,-0.24393,-0.87991,-0.54460,-0.20842,-0.62943,-0.52670,-0.10293,-0.47292,-0.44729
paul,L,0.00000,0.00000,0.00000,0.30636,0.03606,-0.37869,0.57731,-0.00475,-0.63581,0.85173,0.09180,-0.86929,1.06763,0.24777,-1.10191,0.54043,-0.83627,-0.42281,0.54648,-1.35671,-0.66254,0.56540,-1.70216,-0.80220,0.59667,-1.99132,-0.89113,0.30494,-0.88489,-0.35211,-0.00836,-0.98677,-0.71402,-0.04012,-0.60299,-0.78616,0.03647,-0.33863,-0.75090,0.08112,-0.87168,-0.31738,-0.17918,-0.93093,-0.64471,-0.12839,-0.58629,-0.61550,-0.02402,-0.35751,-0.50573,-0.09246,-0.83125,-0.31900,-0.26631,-0.91018,-0.54808,-0.23518,-0.65556,-0.53180,-0.14175,-0.47584,-0.45321
paul,L,0.00000,0.00000,0.00000,0.31568,0.02565,-0.35535,0.59441,-0.04515,-0.59945,0.87682,0.02346,-0.82229,1.08784,0.17822,-1.04723,0.53653,-0.85035,-0.41296,0.54944,-1.37769,-0.64280,0.56805,-1.72110,-0.77990,0.59438,-2.00322,-0.86996,0.30093,-0.88628,-0.35207,0.01527,-0.98579,-0.70671,-0.01098,-0.61152,-0.78032,0.06133,-0.35217,-0.75209,0.07181,-0.86628,-0.32309,-0.16570,-0.93438,-0.64197,-0.11640,-0.59231,-0.60952,-0.01773,-0.35926,-0.50335,-0.11661,-0.82177,-0.32824,-0.27906,-0.91172,-0.55181,-0.24608,-0.65918,-0.53149,-0.15299,-0.47910,-0.45401
paul,L,0.00000,0.00000,0.00000,0.34204,0.00519,-0.32041,0.65630,-0.09977,-0.53953,0.95409,-0.05355,-0.74361,1.18666,0.10110,-0.95175,0.52620,-0.87236,-0.37832,0.54274,-1.40301,-0.60147,0.55631,-1.74245,-0.73466,0.57439,-2.02623,-0.82503,0.28613,-0.89748,-0.33566,0.02563,-1.00045,-0.68871,0.00149,-0.62364,-0.76463,0.07225,-0.36980,-0.74128,0.05131,-0.86792,-0.32253,-0.16619,-0.94308,-0.64231,-0.11448,-0.59696,-0.60704,-0.00995,-0.37008,-0.50049,-0.14800,-0.81397,-0.34008,-0.30277,-0.92781,-0.56018,-0.25690,-0.68134,-0.53395,-0.14704,-0.50842,-0.45495
paul,L,0.00000,0.00000,0.00000,0.37209,-0.01009,-0.29962,0.72795,-0.15308,-0.49307,1.05801,-0.14834,-0.66966,1.30939,-0.04206,-0.85089,0.52469,-0.89276,-0.35958,0.54408,-1.43288,-0.57520,0.55663,-1.77785,-0.70725,0.56364,-2.06276,-0.80033,0.27394,-0.90580,-0.32325,0.05591,-1.03046,-0.67818,0.03126,-0.64187,-0.75675,0.09067,-0.37853,-0.73573,0.03471,-0.86927,-0.31414,-0.16091,-0.95622,-0.63605,-0.10817,-0.61136,-0.59857,-0.00549,-0.39483,-0.49158,-0.17474,-0.81035,-0.33262,-0.32293,-0.93440,-0.55724,-0.26638,-0.68428,-0.52840,-0.15020,-0.51935,-0.44833
paul,L,0.00000,0.00000,0.00000,0.39073,-0.02411,-0.26292,0.77550,-0.21133,-0.42622,1.12356,-0.25783,-0.57876,1.39291,-0.16578,-0.73719,0.53184,-0.91346,-0.29957,0.57040,-1.45077,-0.49447,0.58962,-1.78539,-0.61485,0.59780,-2.06687,-0.70348,0.27662,-0.92004,-0.27750,0.10187,-1.05730,-0.61298,0.07271,-0.66743,-0.68984,0.11860,-0.41287,-0.67147,0.03139,-0.87379,-0.27999,-0.12627,-0.97406,-0.59357,-0.07876,-0.62150,-0.55331,0.01525,-0.41185,-0.44539,-0.19093,-0.80129,-0.30586,-0.31037,-0.93817,-0.52148,-0.24485,-0.68076,-0.48333,-0.12915,-0.51430,-0.39835
paul,L,0.00000,0.00000,0.00000,0.40142,-0.05250,-0.23905,0.79222,-0.26029,-0.38541,1.14278,-0.34752,-0.52346,1.41243,-0.28020,-0.66834,0.53568,-0.92146,-0.26899,0.57045,-1.43987,-0.45345,0.58723,-1.76232,-0.56849,0.58634,-2.03985,-0.65556,0.28314,-0.92426,-0.25606,0.10526,-1.08464,-0.57491,0.08628,-0.70259,-0.64905,0.13061,-0.46079,-0.63205,0.03598,-0.87698,-0.26597,-0.12872,-0.99626,-0.57012,-0.06824,-0.64533,-0.52928,0.02705,-0.44612,-0.42286,-0.18945,-0.80148,-0.29656,-0.31982,-0.95651,-0.50677,-0.23975,-0.69454,-0.46652,-0.11837,-0.52516,-0.38201
paul,L,0.00000,0.00000,0.00000,0.40160,-0.07301,-0.24869,0.79151,-0.28492,-0.38515,1.14158,-0.39671,-0.50942,1.41833,-0.35548,-0.63727,0.52938,-0.92773,-0.25027,0.58105,-1.42334,-0.42042,0.60183,-1.73601,-0.52387,0.60371,-1.99844,-0.60200,0.26527,-0.93640,-0.22974,0.11013,-1.11883,-0.54183,0.08994,-0.74536,-0.61436,0.12835,-0.49207,-0.59127,0.01750,-0.89194,-0.23410,-0.12791,-0.98832,-0.53433,-0.07294,-0.64381,-0.50493,0.01569,-0.44736,-0.40205,-0.20154,-0.81618,-0.26022,-0.31176,-0.96487,-0.46497,-0.23754,-0.71130,-0.43386,-0.12362,-0.54546,-0.35526
paul,L,0.00000,0.00000,0.00000,0.41299,-0.06689,-0.26036,0.82423,-0.28107,-0.39242,1.19684,-0.42007,-0.51020,1.48361,-0.40916,-0.62889,0.56446,-0.90700,-0.23860,0.64625,-1.39020,-0.40907,0.66865,-1.69850,-0.50577,0.66785,-1.95492,-0.57762,0.29468,-0.93153,-0.21311,0.14434,-1.16494,-0.53808,0.12353,-0.78098,-0.60793,0.16463,-0.51465,-0.57347,0.04291,-0.89515,-0.21528,-0.11572,-1.01544,-0.52531,-0.06586,-0.66185,-0.49414,0.02673,-0.46643,-0.38443,-0.18413,-0.82445,-0.24006,-0.30825,-0.95692,-0.44408,-0.24263,-0.70356,-0.41370,-0.13267,-0.55239,-0.33493
paul,L,0.00000,0.00000,0.00000,0.42594,-0.07022,-0.23342,0.84479,-0.28910,-0.34801,1.21923,-0.43998,-0.45285,1.50150,-0.44313,-0.56044,0.58616,-0.90534,-0.20688,0.67720,-1.37352,-0.37020,0.70185,-1.67344,-0.46863,0.70365,-1.92417,-0.54312,0.30501,-0.93240,-0.19393,0.19812,-1.19339,-0.51843,0.16927,-0.80881,-0.59751,0.18605,-0.52664,-0.56852,0.04413,-0.89447,-0.20562,-0.08174,-1.04376,-0.51014,-0.04054,-0.68709,-0.48004,0.02820,-0.47542,-0.37208,-0.19811,-0.81778,-0.23747,-0.29166,-0.96450,-0.43656,-0.22906,-0.70767,-0.40286,-0.13966,-0.54363,-0.32303
paul,L,0.00000,0.00000,0.00000,0.45070,-0.07855,-0.21930,0.88954,-0.31473,-0.31940,1.28298,-0.47820,-0.41619,1.57444,-0.49673,-0.52010,0.61497,-0.90234,-0.16743,0.70157,-1.37303,-0.32656,0.72026,-1.67919,-0.43429,0.72930,-1.93809,-0.51682,0.32524,-0.93143,-0.16324,0.25080,-1.22899,-0.49295,0.21702,-0.84231,-0.58899,0.22165,-0.52796,-0.56879,0.04880,-0.89560,-0.18295,-0.03408,-1.10450,-0.49273,-0.00496,-0.72669,-0.46689,0.04005,-0.46123,-0.35807,-0.21736,-0.82062,-0.22212,-0.26230,-1.00876,-0.43061,-0.21138,-0.74548,-0.39894,-0.14958,-0.54618,-0.31807
paul,L,0.00000,0.00000,0.00000,0.44434,-0.08072,-0.19947,0.87086,-0.34172,-0.29328,1.24038,-0.51072,-0.38734,1.52120,-0.53891,-0.48922,0.58717,-0.92181,-0.16052,0.66338,-1.39937,-0.31967,0.67849,-1.70102,-0.42519,0.68736,-1.94989,-0.50409,0.30310,-0.93814,-0.16739,0.28840,-1.23441,-0.49254,0.25969,-0.84296,-0.58271,0.25665,-0.53489,-0.56026,0.02051,-0.89299,-0.19595,-0.00028,-1.12408,-0.51249,0.02803,-0.72781,-0.47522,0.05518,-0.44888,-0.35696,-0.25774,-0.81239,-0.24074,-0.25184,-1.01880,-0.45818,-0.18849,-0.74090,-0.41603,-0.14652,-0.52797,-0.32538
paul,L,0.00000,0.00000,0.00000,0.43728,-0.06539,-0.19521,0.85405,-0.35522,-0.27897,1.20446,-0.54467,-0.36246,1.47529,-0.56023,-0.45301,0.55558,-0.93848,-0.16663,0.62481,-1.43588,-0.32933,0.63924,-1.74912,-0.42995,0.64401,-2.00803,-0.50316,0.27251,-0.94660,-0.17230,0.30850,-1.23822,-0.50969,0.29344,-0.83333,-0.59193,0.27997,-0.51842,-0.55785,-0.01182,-0.89908,-0.19862,0.00965,-1.13273,-0.52867,0.04790,-0.72221,-0.48533,0.06427,-0.43267,-0.35589,-0.30298,-0.82290,-0.23999,-0.25746,-1.01567,-0.47347,-0.16582,-0.73006,-0.43544,-0.12137,-0.51053,-0.34217
paul,L,0.00000,0.00000,0.00000,0.41271,-0.05793,-0.19385,0.81628,-0.36414,-0.27797,1.14325,-0.55588,-0.35844,1.40029,-0.57638,-0.44544,0.52206,-0.94772,-0.21702,0.59554,-1.45789,-0.38997,0.61290,-1.77315,-0.49065,0.62011,-2.03618,-0.56271,0.23461,-0.94646,-0.22176,0.31187,-1.19349,-0.56509,0.30572,-0.79024,-0.63736,0.28360,-0.48988,-0.59963,-0.05075,-0.89083,-0.24433,0.00273,-1.08541,-0.57385,0.05633,-0.68107,-0.52123,0.07374,-0.40227,-0.39008,-0.34035,-0.80815,-0.28163,-0.27013,-0.97150,-0.52132,-0.16089,-0.69341,-0.48534,-0.11253,-0.48237,-0.39392
paul,L,0.00000,0.00000,0.00000,0.40834,-0.05712,-0.19434,0.80792,-0.36599,-0.28499,1.13224,-0.55672,-0.37212,1.38673,-0.56638,-0.46485,0.52390,-0.93882,-0.23744,0.62171,-1.44781,-0.41718,0.64695,-1.76612,-0.51670,0.65267,-2.02985,-0.58631,0.23994,-0.94055,-0.24041,0.33718,-1.13049,-0.58530,0.31168,-0.72827,-0.64655,0.26632,-0.44128,-0.60390,-0.03800,-0.88887,-0.26150,0.04310,-1.02235,-0.58617,0.07417,-0.62938,-0.52473,0.07099,-0.36872,-0.39127,-0.32109,-0.81003,-0.29824,-0.23019,-0.92847,-0.52976,-0.14069,-0.65704,-0.48918,-0.10898,-0.45972,-0.39628
paul,L,0.00000,0.00000,0.00000,0.40962,-0.06485,-0.18873,0.80941,-0.36434,-0.28315,1.12415,-0.55204,-0.37483,1.37131,-0.55479,-0.47258,0.51924,-0.92808,-0.25319,0.62159,-1.43225,-0.43600,0.65217,-1.74825,-0.53844,0.66561,-2.00973,-0.60923,0.23031,-0.93775,-0.25995,0.33572,-1.09231,-0.59852,0.30657,-0.69339,-0.65514,0.25257,-0.41057,-0.61294,-0.04985,-0.88698,-0.28323,0.04523,-0.99320,-0.59711,0.06787,-0.60757,-0.53023,0.05456,-0.35041,-0.39735,-0.32994,-0.80478,-0.32247,-0.23304,-0.90723,-0.53964,-0.15503,-0.65002,-0.49105,-0.13664,-0.46167,-0.39529
paul,L,0.00000,0.00000,0.00000,0.39422,-0.07326,-0.19045,0.78646,-0.36941,-0.29282,1.10279,-0.54340,-0.39132,1.34430,-0.52800,-0.49578,0.49847,-0.92819,-0.26642,0.59053,-1.40787,-0.45128,0.61883,-1.71748,-0.55537,0.63128,-1.96948,-0.62693,0.20230,-0.94061,-0.27262,0.29319,-1.05945,-0.60511,0.27627,-0.66680,-0.65824,0.23671,-0.38598,-0.61597,-0.08074,-0.88265,-0.29484,0.00683,-0.93282,-0.59929,0.04261,-0.56058,-0.53376,0.04324,-0.31612,-0.40550,-0.35577,-0.78684,-0.33369,-0.26467,-0.83977,-0.53777,-0.18014,-0.58533,-0.48768,-0.15018,-0.41292,-0.39373
paul,L,0.00000,0.00000,0.00000,0.37730,-0.07673,-0.18796,0.74794,-0.35198,-0.29491,1.05548,-0.49570,-0.39664,1.30461,-0.48252,-0.50371,0.47508,-0.91848,-0.27162,0.54628,-1.36588,-0.45160,0.56886,-1.66234,-0.55448,0.57275,-1.90164,-0.62448,0.18015,-0.94503,-0.27288,0.23416,-0.99553,-0.58752,0.22649,-0.61802,-0.63918,0.19691,-0.35736,-0.60053,-0.10019,-0.88623,-0.28899,-0.05150,-0.84780,-0.57083,-0.00003,-0.50994,-0.51502,0.01901,-0.30028,-0.40006,-0.36514,-0.78422,-0.32198,-0.30784,-0.77438,-0.50515,-0.21604,-0.53713,-0.45892,-0.16943,-0.39407,-0.37126
paul,L,0.00000,0.00000,0.00000,0.37248,-0.08157,-0.22840,0.74162,-0.34206,-0.35582,1.07161,-0.46070,-0.47219,1.32178,-0.42977,-0.59208,0.44755,-0.91803,-0.30102,0.49755,-1.38362,-0.48488,0.50025,-1.68844,-0.58790,0.48360,-1.93770,-0.65880,0.14886,-0.94760,-0.28266,0.13816,-0.99512,-0.60307,0.15083,-0.61858,-0.65937,0.16084,-0.36158,-0.62308,-0.12943,-0.89430,-0.28265,-0.12758,-0.82971,-0.56498,-0.05187,-0.50357,-0.52006,0.00635,-0.30534,-0.41264,-0.38450,-0.79996,-0.30415,-0.36715,-0.76658,-0.48734,-0.26129,-0.52524,-0.45170,-0.18061,-0.38576,-0.37117
paul,L,0.00000,0.00000,0.00000,0.37692,-0.09676,-0.24555,0.75446,-0.35214,-0.38806,1.09494,-0.45428,-0.51764,1.34954,-0.40411,-0.65059,0.41188,-0.92999,-0.31298,0.43437,-1.42334,-0.49630,0.42533,-1.73748,-0.59995,0.39492,-1.99704,-0.67262,0.10932,-0.95029,-0.29155,0.05402,-1.01508,-0.61049,0.08221,-0.63840,-0.67077,0.10800,-0.38864,-0.63831,-0.16262,-0.89096,-0.28880,-0.19360,-0.83951,-0.57051,-0.09973,-0.51306,-0.52791,-0.02630,-0.32840,-0.42196,-0.40462,-0.79641,-0.30885,-0.41561,-0.77942,-0.48596,-0.29653,-0.53353,-0.44198,-0.20019,-0.39662,-0.35599
paul,L,0.00000,0.00000,0.00000,0.38067,-0.09371,-0.24869,0.74979,-0.33201,-0.39597,1.08032,-0.41371,-0.53129,1.33969,-0.36444,-0.66955,0.40105,-0.95352,-0.28986,0.41011,-1.43889,-0.46747,0.39395,-1.74563,-0.56852,0.35952,-1.99544,-0.63975,0.11095,-0.95751,-0.26620,0.01698,-1.01109,-0.58101,0.04757,-0.64072,-0.64806,0.08248,-0.39746,-0.62109,-0.15318,-0.88773,-0.26336,-0.21797,-0.84205,-0.55206,-0.10923,-0.51747,-0.52209,-0.02142,-0.34425,-0.42260,-0.39017,-0.78925,-0.28240,-0.42243,-0.77828,-0.47277,-0.29624,-0.53309,-0.44050,-0.18675,-0.40693,-0.36042
paul,L,0.00000,0.00000,0.00000,0.37666,-0.08468,-0.24946,0.74338,-0.31751,-0.39558,1.07044,-0.39059,-0.52931,1.32300,-0.32583,-0.66584,0.40150,-0.94447,-0.29815,0.41988,-1.43015,-0.47140,0.41027,-1.74333,-0.56856,0.38210,-1.99612,-0.63715,0.10782,-0.95641,-0.27140,0.01803,-0.99807,-0.58010,0.04380,-0.63580,-0.64323,0.07563,-0.38968,-0.61490,-0.15513,-0.89309,-0.26448,-0.20674,-0.83469,-0.54389,-0.10246,-0.51745,-0.51544,-0.01833,-0.33892,-0.41925,-0.38802,-0.79968,-0.28020,-0.40413,-0.77316,-0.46535,-0.27914,-0.53309,-0.43825,-0.16815,-0.40282,-0.36298
paul,L,0.00000,0.00000,0.00000,0.37998,-0.07619,-0.25468,0.75439,-0.30675,-0.40039,1.08755,-0.37847,-0.53236,1.34577,-0.31705,-0.66703,0.41564,-0.94330,-0.29724,0.43923,-1.43403,-0.47210,0.43361,-1.74763,-0.57000,0.40757,-2.00144,-0.63898,0.12278,-0.95556,-0.26802,0.02760,-1.01177,-0.58239,0.04805,-0.64024,-0.64661,0.07758,-0.38728,-0.61692,-0.14147,-0.89384,-0.25967,-0.20306,-0.85220,-0.54788,-0.10250,-0.52454,-0.51932,-0.01839,-0.34123,-0.42031,-0.37753,-0.80294,-0.27378,-0.40026,-0.79069,-0.46768,-0.27817,-0.54352,-0.44142,-0.16743,-0.41065,-0.36497
paul,L,0.00000,0.00000,0.00000,0.37818,-0.08019,-0.25249,0.75173,-0.31182,-0.40171,1.08556,-0.39191,-0.53836,1.34501,-0.33432,-0.67817,0.41931,-0.94476,-0.29572,0.43755,-1.43468,-0.47333,0.42865,-1.74469,-0.57484,0.40117,-2.00013,-0.64853,0.13077,-0.95363,-0.27108,0.02777,-1.01258,-0.58867,0.05346,-0.63668,-0.65611,0.08814,-0.39153,-0.63063,-0.13379,-0.88999,-0.26740,-0.20824,-0.86171,-0.56208,-0.09849,-0.52829,-0.53183,-0.00613,-0.34610,-0.43249,-0.37093,-0.79821,-0.28566,-0.40432,-0.79980,-0.48688,-0.27615,-0.54592,-0.45959,-0.16110,-0.40907,-0.38269
paul,L,0.00000,0.00000,0.00000,0.38374,-0.07983,-0.25614,0.75517,-0.31114,-0.40681,1.09402,-0.39861,-0.54414,1.35744,-0.34423,-0.68375,0.42235,-0.94556,-0.29728,0.44451,-1.44006,-0.47609,0.43697,-1.75299,-0.57889,0.40829,-2.00894,-0.65306,0.13392,-0.95327,-0.27082,0.03297,-1.01928,-0.58599,0.05652,-0.64771,-0.65139,0.09119,-0.40433,-0.62540,-0.12926,-0.88779,-0.26604,-0.20126,-0.86316,-0.55563,-0.09612,-0.53775,-0.52359,-0.00631,-0.35926,-0.42480,-0.36413,-0.79401,-0.28418,-0.39643,-0.80173,-0.47909,-0.27165,-0.55544,-0.44928,-0.15734,-0.42314,-0.37214
paul,L,0.00000,0.00000,0.00000,0.38387,-0.07866,-0.25907,0.75303,-0.31327,-0.41117,1.09507,-0.40318,-0.54949,1.35608,-0.35071,-0.69066,0.42689,-0.94001,-0.30471,0.44984,-1.43527,-0.48876,0.44267,-1.75082,-0.59492,0.41195,-2.00791,-0.67056,0.13994,-0.95085,-0.27622,0.03517,-1.02110,-0.59795,0.05557,-0.64995,-0.66428,0.08898,-0.40577,-0.63691,-0.12318,-0.89059,-0.26949,-0.19998,-0.87021,-0.56230,-0.09962,-0.54443,-0.52931,-0.01216,-0.36283,-0.42870,-0.35825,-0.80170,-0.28606,-0.39550,-0.80338,-0.48337,-0.27440,-0.55673,-0.45472,-0.16128,-0.42361,-0.37737
paul,L,0.00000,0.00000,0.00000,0.38565,-0.07461,-0.25621,0.76535,-0.30889,-0.40314,1.11127,-0.39585,-0.53684,1.37648,-0.34045,-0.67376,0.44153,-0.94304,-0.29304,0.47117,-1.44092,-0.47229,0.46532,-1.75181,-0.57465,0.43947,-2.00633,-0.64773,0.15359,-0.95155,-0.26639,0.05467,-1.03564,-0.59063,0.07095,-0.65876,-0.66057,0.10025,-0.40511,-0.63379,-0.11024,-0.89010,-0.26148,-0.18656,-0.88507,-0.56182,-0.09080,-0.54690,-0.53279,-0.00659,-0.35418,-0.43123,-0.34784,-0.80067,-0.27866,-0.38479,-0.82624,-0.48369,-0.27067,-0.57029,-0.45664,-0.16434,-0.42597,-0.37836
paul,L,0.00000,0.00000,0.00000,0.38694,-0.07338,-0.25689,0.76329,-0.30942,-0.40532,1.10646,-0.40258,-0.54039,1.37259,-0.34459,-0.67809,0.44490,-0.94130,-0.29576,0.47449,-1.44030,-0.47686,0.46915,-1.75212,-0.58020,0.44174,-2.00802,-0.65424,0.15668,-0.95021,-0.26934,0.06284,-1.03687,-0.59567,0.08096,-0.66042,-0.66604,0.10851,-0.41041,-0.63964,-0.10831,-0.89026,-0.26467,-0.17979,-0.88530,-0.56693,-0.08219,-0.54853,-0.53798,-0.00016,-0.35989,-0.43643,-0.34867,-0.80119,-0.28212,-0.37872,-0.82551,-0.48787,-0.25996,-0.56886,-0.46107,-0.15292,-0.42527,-0.38314
paul,L,0.00000,0.00000,0.00000,0.38546,-0.07234,-0.25806,0.76403,-0.30666,-0.40546,1.10657,-0.39866,-0.53903,1.36406,-0.34737,-0.67547,0.45232,-0.93537,-0.30058,0.48105,-1.43240,-0.48586,0.47290,-1.74517,-0.59209,0.44268,-2.00287,-0.66786,0.16399,-0.94763,-0.27406,0.06661,-1.03762,-0.60325,0.08193,-0.66007,-0.67355,0.11147,-0.41067,-0.64693,-0.10215,-0.89115,-0.26949,-0.18238,-0.89307,-0.57257,-0.08807,-0.55433,-0.54073,-0.00364,-0.36417,-0.43787,-0.34304,-0.80557,-0.28740,-0.38439,-0.82997,-0.49408,-0.26980,-0.57249,-0.46623,-0.16178,-0.42948,-0.38778
paul,L,0.00000,0.00000,0.00000,0.38975,-0.07120,-0.25073,0.77487,-0.30604,-0.39040,1.12289,-0.39591,-0.51668,1.38422,-0.33628,-0.64639,0.46762,-0.93110,-0.28910,0.49877,-1.42446,-0.46808,0.49255,-1.73479,-0.57126,0.46447,-1.99126,-0.64498,0.18031,-0.94786,-0.26276,0.08867,-1.04120,-0.58659,0.09620,-0.66557,-0.65685,0.11790,-0.41224,-0.62913,-0.08482,-0.89609,-0.25718,-0.15883,-0.89196,-0.55441,-0.07290,-0.55163,-0.52454,0.00444,-0.35500,-0.42217,-0.32508,-0.81530,-0.27352,-0.36231,-0.83562,-0.47584,-0.25551,-0.57615,-0.44861,-0.15363,-0.42671,-0.37017
paul,L,0.00000,0.00000,0.00000,0.39061,-0.07392,-0.25488,0.77463,-0.30790,-0.39631,1.12030,-0.39857,-0.52433,1.38440,-0.33738,-0.65516,0.47803,-0.92889,-0.28860,0.51870,-1.41907,-0.47345,0.51645,-1.72942,-0.58045,0.49041,-1.98668,-0.65640,0.18924,-0.94589,-0.26359,0.09571,-1.06695,-0.59843,0.10679,-0.68963,-0.67308,0.13135,-0.43111,-0.64482,-0.07610,-0.89571,-0.26046,-0.15133,-0.90965,-0.56879,-0.06576,-0.56265,-0.54060,0.00981,-0.36364,-0.43556,-0.31697,-0.81492,-0.27934,-0.35643,-0.85015,-0.48896,-0.25215,-0.58733,-0.46270,-0.15224,-0.43759,-0.38342
paul,L,0.00000,0.00000,0.00000,0.39156,-0.07833,-0.25369,0.78226,-0.31053,-0.39420,1.13862,-0.40045,-0.52299,1.40788,-0.34208,-0.65524,0.50189,-0.92573,-0.27704,0.55288,-1.41303,-0.46160,0.55335,-1.72201,-0.56927,0.53383,-1.97907,-0.64456,0.21456,-0.94285,-0.25493,0.13175,-1.08375,-0.59272,0.13718,-0.70743,-0.67252,0.16020,-0.44391,-0.64470,-0.05244,-0.89440,-0.25492,-0.12127,-0.92010,-0.56371,-0.04501,-0.57178,-0.53754,0.02301,-0.36698,-0.43101,-0.29581,-0.81690,-0.27697,-0.33285,-0.86781,-0.47939,-0.24431,-0.60559,-0.44766,-0.15920,-0.45172,-0.36407
paul,L,0.00000,0.00000,0.00000,0.39906,-0.06632,-0.24620,0.79141,-0.31826,-0.37181,1.14503,-0.44517,-0.48684,1.40983,-0.40708,-0.60744,0.53301,-0.92140,-0.25757,0.60275,-1.39965,-0.43935,0.61545,-1.70969,-0.54753,0.60757,-1.96692,-0.62442,0.24724,-0.93930,-0.23789,0.17334,-1.09812,-0.58436,0.16130,-0.71172,-0.66940,0.17347,-0.43436,-0.64091,-0.02130,-0.89391,-0.24024,-0.09992,-0.94332,-0.55968,-0.03954,-0.58351,-0.53407,0.02280,-0.36647,-0.42462,-0.26996,-0.81630,-0.26310,-0.31813,-0.88873,-0.47705,-0.23891,-0.61733,-0.44724,-0.15429,-0.45178,-0.36302
paul,L,0.00000,0.00000,0.00000,0.40424,-0.05510,-0.23610,0.79821,-0.33082,-0.35270,1.14906,-0.50709,-0.45921,1.42889,-0.49752,-0.57032,0.56514,-0.91838,-0.22828,0.64444,-1.38476,-0.40696,0.65780,-1.69003,-0.51652,0.65406,-1.94474,-0.59608,0.28145,-0.93537,-0.21419,0.23026,-1.11470,-0.56025,0.19750,-0.71989,-0.64681,0.19864,-0.44466,-0.61886,0.00986,-0.89078,-0.22278,-0.05579,-0.97903,-0.54739,-0.01398,-0.60553,-0.51382,0.03924,-0.38639,-0.39834,-0.24693,-0.81356,-0.25029,-0.29001,-0.91526,-0.46546,-0.21842,-0.63514,-0.42595,-0.13927,-0.46622,-0.33523
paul,L,0.00000,0.00000,0.00000,0.40144,-0.05655,-0.22113,0.78929,-0.35606,-0.32281,1.13207,-0.54555,-0.41529,1.40851,-0.54467,-0.51380,0.57282,-0.90962,-0.22394,0.66446,-1.37971,-0.39813,0.68843,-1.68642,-0.50580,0.69217,-1.94140,-0.58372,0.29001,-0.93366,-0.21018,0.25313,-1.10380,-0.55100,0.21336,-0.70832,-0.63349,0.20191,-0.42782,-0.60316,0.01949,-0.89650,-0.21690,-0.03204,-0.98396,-0.53189,0.00037,-0.61007,-0.49501,0.03907,-0.37892,-0.37955,-0.23914,-0.82612,-0.24138,-0.26612,-0.92318,-0.45453,-0.20379,-0.64423,-0.41662,-0.13749,-0.46923,-0.32704
paul,L,0.00000,0.00000,0.00000,0.40106,-0.05683,-0.20946,0.78171,-0.36981,-0.30051,1.11585,-0.56555,-0.38274,1.39061,-0.56377,-0.47036,0.57516,-0.91447,-0.20693,0.66746,-1.37870,-0.36981,0.69344,-1.68135,-0.46856,0.69633,-1.93201,-0.54195,0.29922,-0.93429,-0.19382,0.25692,-1.09742,-0.52021,0.21598,-0.69982,-0.59389,0.20730,-0.42808,-0.56101,0.03196,-0.89587,-0.20098,-0.03167,-0.98231,-0.50376,-0.00049,-0.61355,-0.46366,0.04223,-0.39363,-0.35031,-0.22639,-0.82568,-0.22499,-0.26454,-0.92774,-0.42962,-0.20435,-0.65117,-0.39080,-0.13614,-0.48339,-0.30385
paul,L,0.00000,0.00000,0.00000,0.40133,-0.06133,-0.21320,0.77595,-0.37168,-0.30950,1.10996,-0.57132,-0.39713,1.38995,-0.57762,-0.48929,0.57540,-0.91382,-0.21228,0.67029,-1.37975,-0.38166,0.69902,-1.68530,-0.48457,0.70415,-1.93802,-0.56017,0.29701,-0.93364,-0.20026,0.26001,-1.10205,-0.53305,0.21658,-0.70721,-0.60860,0.20432,-0.43496,-0.57590,0.02813,-0.89371,-0.20923,-0.03137,-0.98206,-0.51706,-0.00132,-0.61634,-0.47592,0.03979,-0.39867,-0.36074,-0.23018,-0.82139,-0.23555,-0.26514,-0.92598,-0.44049,-0.20402,-0.65415,-0.39931,-0.13626,-0.49046,-0.31073
paul,L,0.00000,0.00000,0.00000,0.39628,-0.05944,-0.21275,0.76733,-0.37274,-0.30929,1.09952,-0.57395,-0.39696,1.38143,-0.57608,-0.48923,0.57372,-0.91377,-0.21288,0.67001,-1.37381,-0.38153,0.69676,-1.67524,-0.48437,0.70169,-1.92462,-0.56019,0.29739,-0.93349,-0.20041,0.25676,-1.09345,-0.53008,0.21581,-0.70247,-0.60433,0.20795,-0.43260,-0.57231,0.02851,-0.89385,-0.20890,-0.02976,-0.97356,-0.51416,0.00014,-0.60873,-0.47287,0.04211,-0.38989,-0.35901,-0.23048,-0.82059,-0.23482,-0.26151,-0.91641,-0.44021,-0.20170,-0.64197,-0.40067,-0.13375,-0.47552,-0.31348
paul,L,0.00000,0.00000,0.00000,0.39673,-0.05648,-0.22089,0.76364,-0.36859,-0.32235,1.09275,-0.57630,-0.41318,1.37528,-0.58696,-0.50830,0.56968,-0.91019,-0.22672,0.66569,-1.37458,-0.40120,0.69400,-1.67957,-0.50698,0.70031,-1.93177,-0.58407,0.29310,-0.93254,-0.21084,0.24950,-1.08888,-0.54717,0.20849,-0.69553,-0.62239,0.20188,-0.42373,-0.58950,0.02454,-0.89474,-0.21628,-0.03675,-0.97023,-0.52616,-0.00530,-0.60516,-0.48462,0.04009,-0.38665,-0.36942,-0.23310,-0.82267,-0.23976,-0.26773,-0.91372,-0.44859,-0.20672,-0.63840,-0.40996,-0.13527,-0.47285,-0.32233
paul,L,0.00000,0.00000,0.00000,0.39563,-0.05248,-0.21614,0.75972,-0.36884,-0.31460,1.08622,-0.58055,-0.40306,1.36480,-0.59541,-0.49615,0.56517,-0.90987,-0.22828,0.66155,-1.37606,-0.40206,0.69002,-1.68135,-0.50599,0.69713,-1.93419,-0.58212,0.28901,-0.93305,-0.21422,0.24512,-1.08596,-0.54813,0.20376,-0.69183,-0.61974,0.19753,-0.42116,-0.58549,0.02031,-0.89551,-0.22096,-0.04178,-0.96392,-0.52780,-0.01047,-0.59875,-0.48317,0.03576,-0.38145,-0.36740,-0.23781,-0.82296,-0.24550,-0.27497,-0.90813,-0.45223,-0.21335,-0.63330,-0.41286,-0.13970,-0.47026,-0.32572
paul,L,0.00000,0.00000,0.00000,0.39919,-0.05396,-0.21512,0.76092,-0.37420,-0.31106,1.08525,-0.58842,-0.39791,1.36383,-0.59815,-0.48891,0.55747,-0.92009,-0.22272,0.65198,-1.39212,-0.39499,0.67383,-1.70024,-0.49591,0.67583,-1.95471,-0.56945,0.27689,-0.93792,-0.20889,0.23262,-1.10050,-0.54490,0.19856,-0.70045,-0.61522,0.19989,-0.42286,-0.57747,0.00551,-0.89614,-0.21577,-0.04836,-0.96670,-0.52559,-0.01140,-0.59423,-0.48155,0.03746,-0.37196,-0.36347,-0.25690,-0.82122,-0.24019,-0.28289,-0.90436,-0.44767,-0.21723,-0.62362,-0.40821,-0.14188,-0.45609,-0.31960
